"1","21605241","3","1","0","0","1.07","1.05",NULL,NULL
"1","21901324","0","4","0","0",NULL,"1.05",NULL,NULL
"1","21912371","4","0","0","0","1.05;1.07",NULL,NULL,NULL
"1","21912373","4","0","0","0","1.05;1.07",NULL,"NULL;NULL",
"2","21605241","1","3","0","0","1.07","1.05;2.08",NULL,NULL
"2","21901324","0","4","0","0",NULL,"1.05;2.08",NULL,NULL
"2","21912371","0","4","0","0",NULL,"1.05;2.08;3.04",NULL,NULL
"2","21912373","0","4","0","0",NULL,"1.05;1.07;2.08",NULL,NULL
"3","21605241","0","4","0","0",NULL,"1.05;2.02;2.05;5.03",NULL,NULL
"3","21901324","0","2","2","0",NULL,"1.05","3.04",NULL
"3","21912371","0","0","4","0",NULL,NULL,"1.05;2.02;3.04",NULL
"3","21912373","0","4","0","0",NULL,"1.05;2.02",NULL,NULL
"4","21605241","0","4","0","0",NULL,"1.05;1.06;2.02;2.05",NULL,NULL
"4","21901324","0","2","2","0",NULL,"1.05;4.03","1.05;4.03",NULL
"4","21912371","0","4","0","0",NULL,"1.05;3.04;4.03",NULL,NULL
"4","21912373","0","4","0","0",NULL,"1.05;1.06;1.07;4.03",NULL,NULL
"5","21605241","0","3","0","1",NULL,"1.05;2.02",NULL,NULL
"5","21901324","0","4","0","0",NULL,NULL,NULL,NULL
"5","21912371","4","0","0","0","2.05",NULL,NULL,NULL
"5","21912373","0","4","0","0",NULL,"2.02",NULL,NULL
"6","21605241","0","2","2","0",NULL,"1.05;1.07","1.05;1.07",NULL
"6","21901324","0","3","0","4",NULL,NULL,NULL,"1.05;1.07"
"6","21912371","0","0","4","0",NULL,NULL,"1.05;1.07",NULL
"6","21912373","0","4","0","0",NULL,"1.05;1.07",NULL,NULL
"7","21605241","0","4","0","0",NULL,"1.05;2.02;2.08;3.04",NULL,NULL
"7","21901324","0","3","1","0",NULL,"1.05;2.08;1.07","2.08;3.04",NULL
"7","21912371","0","4","0","0",NULL,"1.05;2.08;3.04",NULL,NULL
"7","21912373","3","1","0","0","1.05;1.07","2.08;3.04",NULL,NULL
"8","21605241","0","0","4","0",NULL,NULL,"1.05;2.02;2.05;3.04",NULL
"8","21901324","0","0","4","0",NULL,NULL,"1.05;2.02;3.04;2.05",NULL
"8","21912371","0","0","4","0",NULL,NULL,"1.05;2.02;3.04",NULL
"8","21912373","0","0","4","0",NULL,NULL,"1.05;2.02;3.04",NULL
"9","21605241","2","2","0","0","2.01;2.05","3.04",NULL,NULL
"9","21901324","0","3","1","0",NULL,"2.02","3.04",NULL
"9","21912371","0","1","3","0",NULL,"1.07","3.04",NULL
"9","21912373","0","4","0","0",NULL,"1.07;2.02;3.04",NULL,NULL
"10","21605241","3","1","0","0","2.01;2.05","1.01",NULL,NULL
"10","21901324","0","4","0","0",NULL,"1.01;2.01;2.05",NULL,NULL
"10","21912371","1","3","0","0","2.05","1.07",NULL,NULL
"10","21912373","1","3","0","0","2.05","1.07",NULL,NULL
"11","21605241","0","3","0","1",NULL,"1.05;1.07;2.08",NULL,"1.07"
"11","21901324","0","4","0","0",NULL,"1.05;2.08;1.07",NULL,NULL
"11","21912371","0","4","0","0",NULL,"1.05;1.07;2.08;3.04",NULL,NULL
"11","21912373","0","4","0","0",NULL,"1.05;1.07;2.08",NULL,NULL
"12","21605241","0","1","3","0",NULL,"2.02","1.05;1.06;3.04",NULL
"12","21901324","0","1","3","0",NULL,"1.05;1.06","1.05;1.06;3.04",NULL
"12","21912371","0","0","4","0",NULL,NULL,"1.06;1.07;3.04;4.03;5.03",NULL
"12","21912373","0","2","2","0",NULL,"1.05;2.02","1.06;1.07",NULL
"13","21605241","0","0","3","1",NULL,NULL,"1.04;2.02;2.08","2.05"
"13","21901324","0","0","4","0",NULL,NULL,"1.04;2.08",NULL
"13","21912371","0","3","1","0",NULL,"2.08","1.07",NULL
"13","21912373","0","0","4","0",NULL,NULL,"1.04;1.07;2.08",NULL
"14","21605241","0","0","4","0",NULL,NULL,"1.05;1.06;1.12;2.01;3.04;4.03",NULL
"14","21901324","0","0","4","0",NULL,NULL,"1.05;1.06;1.12;4.03",NULL
"14","21912371","0","3","1","0",NULL,"1.12;4.03","1.05;3.04",NULL
"14","21912373","0","3","1","0",NULL,"1.05;1.12;2.02;3.04","1.06;4.03",NULL
"15","21605241","0","4","0","0",NULL,"1.05;2.02;3.04",NULL,NULL
"15","21901324","0","4","0","0",NULL,"1.05",NULL,NULL
"15","21912371","0","4","0","0",NULL,"1.05",NULL,NULL
"15","21912373","0","4","0","0",NULL,"1.05;1.11;2.02",NULL,NULL
"16","21605241","2","2","0","0","2.01","2.08",NULL,NULL
"16","21901324","0","4","0","0",NULL,"2.08",NULL,NULL
"16","21912371","3","1","0","0","2.05","2.08;3.04",NULL,NULL
"16","21912373","4","0","0","0","2.05;2.08",NULL,"NULL;NULL",
"17","21605241","1","3","0","0",NULL,"1.01;2.02;2.08",NULL,NULL
"17","21901324","0","4","0","0",NULL,"1.01;2.08",NULL,NULL
"17","21912371","0","4","0","0",NULL,"1.01;2.08",NULL,NULL
"17","21912373","0","4","0","0",NULL,"1.01;2.08;5.03",NULL,NULL
"18","21605241","0","2","2","0",NULL,"2.02","1.01;2.05",NULL
"18","21901324","0","4","0","0",NULL,"1.01",NULL,NULL
"18","21912371","0","4","0","0",NULL,"1.01",NULL,NULL
"18","21912373","0","4","0","0",NULL,"1.01;2.02",NULL,NULL
"19","21605241","4","0","0","0","2.01;2.05",NULL,"NULL;NULL",
"19","21901324","4","4","0","0","2.05",NULL,NULL,NULL
"19","21912371","4","0","0","0","2.01;2.05",NULL,NULL,NULL
"19","21912373","4","0","0","0","2.01;2.05",NULL,"NULL;NULL",
"20","21605241","3","1","0","0","2.01;2.05","1.01",NULL,NULL
"20","21901324","1","3","0","0",NULL,"1.01",NULL,NULL
"20","21912371","4","0","0","0","2.05",NULL,NULL,NULL
"20","21912373","4","0","0","0","2.01",NULL,"NULL;NULL",
"21","21605241","0","1","3","0",NULL,"1.05","1.06;3.04",NULL
"21","21901324","0","4","0","0",NULL,"1.05",NULL,NULL
"21","21912371","0","1","3","0",NULL,"5.03","1.05;2.02",NULL
"21","21912373","0","4","0","0",NULL,"1.05;1.06;1.11;2.02",NULL,NULL
"22","21605241","0","4","0","0",NULL,"1.05;2.02;2.08",NULL,NULL
"22","21901324","0","4","0","0",NULL,"1.05;2.08;4.03",NULL,NULL
"22","21912371","0","4","0","0",NULL,"1.05;2.08",NULL,NULL
"22","21912373","0","4","0","0",NULL,"1.05;1.11;2.08",NULL,NULL
"23","21605241","1","3","0","0","2.01","1.05;1.06;2.05",NULL,NULL
"23","21901324","0","4","0","0",NULL,"1.05;1.06;2.02",NULL,NULL
"23","21912371","0","4","0","0",NULL,"1.05;1.06",NULL,NULL
"23","21912373","0","2","2","0",NULL,"1.05;2.02","1.06;4.03",NULL
"24","21605241","3","1","0","0","2.01;2.05","1.05",NULL,NULL
"24","21901324","0","4","0","0",NULL,"2.05",NULL,NULL
"24","21912371","0","4","0","0",NULL,"1.05;2.05",NULL,NULL
"24","21912373","3","1","0","0","2.01;2.05","1.05",NULL,NULL
"25","21605241","3","1","0","0","1.11;2.02","1.05",NULL,NULL
"25","21901324","0","4","0","0",NULL,NULL,NULL,NULL
"25","21912371","4","0","0","0","1.05;1.07",NULL,NULL,NULL
"25","21912373","4","0","0","0","1.05;2.02",NULL,"NULL;NULL",
"26","21605241","0","0","4","0",NULL,NULL,"1.01;2.02;2.05;3.04",NULL
"26","21901324","0","4","0","0",NULL,"1.01;2.02",NULL,NULL
"26","21912371","0","0","4","0",NULL,NULL,"2.02;3.04",NULL
"26","21912373","0","0","4","0",NULL,NULL,"2.02;3.04",NULL
"27","21605241","0","1","3","0",NULL,"2.01","1.05;2.08",NULL
"27","21901324","0","3","1","0",NULL,"1.05;2.08",NULL,NULL
"27","21912371","0","0","4","0",NULL,NULL,"1.05;2.02;2.08",NULL
"27","21912373","0","4","0","0",NULL,"1.05;2.01;2.08",NULL,NULL
"28","21605241","3","1","0","0","2.01;2.05","1.01",NULL,NULL
"28","21901324","0","4","0","0",NULL,"1.01;2.05",NULL,NULL
"28","21912371","4","0","0","0","2.01;2.05",NULL,NULL,NULL
"28","21912373","4","0","0","0","2.01;2.05",NULL,"NULL;NULL",
"29","21605241","1","3","0","0","1.07","1.01;2.08",NULL,NULL
"29","21901324","0","4","0","0",NULL,"1.01;1.07;2.05;2.08",NULL,NULL
"29","21912371","1","3","0","0","2.05","1.01;2.08",NULL,NULL
"29","21912373","3","1","0","0","1.07;2.05","2.08",NULL,NULL
"30","21605241","0","4","0","0",NULL,"2.02;2.05;3.04",NULL,NULL
"30","21901324","0","4","0","0",NULL,"2.05;2.08",NULL,NULL
"30","21912371","0","4","0","0",NULL,"2.05;2.08",NULL,NULL
"30","21912373","3","1","0","0","2.02;2.05","2.08",NULL,NULL
"31","21605241","3","1","0","0","2.01;2.05","3.04",NULL,NULL
"31","21901324","0","4","0","0",NULL,"2.05",NULL,NULL
"31","21912371","1","3","0","0","2.05","3.04",NULL,NULL
"31","21912373","4","0","0","0","2.01;2.05",NULL,"NULL;NULL",
"32","21605241","0","4","0","0",NULL,"1.04;2.01;3.04",NULL,NULL
"32","21901324","0","2","2","0",NULL,"1.01;2.05","2.05;3.04",NULL
"32","21912371","1","3","0","0","2.05","3.04",NULL,NULL
"32","21912373","0","4","0","0",NULL,"1.07;2.05;3.04",NULL,NULL
"33","21605241","1","3","0","0","2.05","1.01;2.02;4.03",NULL,NULL
"33","21901324","0","4","0","0",NULL,"1.01;2.02;4.03",NULL,NULL
"33","21912371","0","4","0","0",NULL,"1.07;3.04;4.03",NULL,NULL
"33","21912373","2","2","0","0","1.07","4.03",NULL,NULL
"34","21605241","0","3","1","0",NULL,"1.01;1.04;2.08","3.04",NULL
"34","21901324","0","4","0","0",NULL,"1.01;2.05;2.08",NULL,NULL
"34","21912371","1","3","0","0","2.05","1.01;1.06;2.08;3.04",NULL,NULL
"34","21912373","1","3","0","0","2.05","2.08;3.04",NULL,NULL
"35","21605241","0","2","2","0",NULL,"1.07;2.08","1.01",NULL
"35","21901324","0","4","0","0",NULL,"1.01;2.08",NULL,NULL
"35","21912371","0","4","0","0",NULL,"1.01;1.07;2.08",NULL,NULL
"35","21912373","0","4","0","0",NULL,"2.02;2.08",NULL,NULL
"36","21605241","0","1","3","0",NULL,"2.01","2.05",NULL
"36","21901324","0","4","0","0",NULL,"1.05",NULL,NULL
"36","21912371","0","0","4","0",NULL,NULL,"1.05;3.04",NULL
"36","21912373","0","0","4","0",NULL,NULL,"1.05;2.01",NULL
"37","21605241","4","0","0","0","2.01;2.05",NULL,"NULL;NULL",
"37","21901324","0","4","0","0",NULL,"2.05;5.03",NULL,NULL
"37","21912371","1","3","0","0","2.05","5.03",NULL,NULL
"37","21912373","2","2","0","0","2.05","2.02;5.03",NULL,NULL
"38","21605241","0","1","3","0",NULL,"1.05","2.01;2.05",NULL
"38","21901324","0","4","0","0",NULL,"1.05",NULL,NULL
"38","21912371","0","4","0","0",NULL,"1.05;5.03",NULL,NULL
"38","21912373","0","2","2","0",NULL,"1.07","5.03",NULL
"39","21605241","0","4","0","0",NULL,"2.05;2.08",NULL,NULL
"39","21901324","0","4","0","0",NULL,"2.05;2.08",NULL,NULL
"39","21912371","4","0","0","0","2.05;2.08",NULL,NULL,NULL
"39","21912373","3","1","0","0","1.11;2.08","2.05",NULL,NULL
"40","21605241","0","2","2","0",NULL,"2.02","1.01;2.05",NULL
"40","21901324","0","4","0","0",NULL,"1.01;1.04;1.05",NULL,NULL
"40","21912371","0","4","0","0",NULL,"1.01;1.04;1.05",NULL,NULL
"40","21912373","0","4","0","0",NULL,"1.01;1.11;2.02",NULL,NULL
"41","21605241","0","0","1","3",NULL,NULL,"1.05;3.04","1.07"
"41","21901324","0","1","3","0",NULL,"1.05;1.07","1.05;1.07;3.04",NULL
"41","21912371","0","0","4","0",NULL,NULL,"1.05;3.04",NULL
"41","21912373","0","0","4","0",NULL,NULL,"1.05;1.07;3.04",NULL
"42","21605241","0","1","3","0",NULL,"1.05","2.02",NULL
"42","21901324","0","4","0","0",NULL,"1.05;2.02",NULL,NULL
"42","21912371","0","0","4","0",NULL,NULL,"1.05;2.02",NULL
"42","21912373","0","4","0","0",NULL,"1.05;2.02",NULL,NULL
"43","21605241","0","1","3","0",NULL,"1.05","2.02;2.08;3.04",NULL
"43","21901324","0","4","0","0",NULL,"1.05;2.08",NULL,NULL
"43","21912371","0","4","0","0",NULL,"1.05;2.08",NULL,NULL
"43","21912373","0","4","0","0",NULL,"1.05;2.05;2.08;4.03",NULL,NULL
"44","21605241","2","2","0","0","1.07;2.05","2.02;4.03",NULL,NULL
"44","21901324","0","4","0","0",NULL,"1.05;2.02;2.05;4.03",NULL,NULL
"44","21912371","1","3","0","0","2.05","1.05;1.07;4.03",NULL,NULL
"44","21912373","0","4","0","0",NULL,"1.05;1.06;2.02;4.03;5.03",NULL,NULL
"45","21605241","0","2","2","0",NULL,"2.01;2.05","1.01",NULL
"45","21901324","0","4","0","0",NULL,"1.01;1.04",NULL,NULL
"45","21912371","0","4","0","0",NULL,"1.05",NULL,NULL
"45","21912373","0","3","1","0",NULL,"2.01;5.03","1.01",NULL
"46","21605241","0","1","3","0",NULL,"2.01","1.06;1.12;2.05",NULL
"46","21901324","0","4","0","0",NULL,"1.05;1.06;1.12",NULL,NULL
"46","21912371","0","4","0","0",NULL,"1.05;1.06;1.12",NULL,NULL
"46","21912373","0","2","2","0",NULL,"1.05;1.12","1.06;5.03",NULL
"47","21605241","0","1","3","0",NULL,"1.05","1.12;2.01;2.05",NULL
"47","21901324","0","4","0","0",NULL,"1.05;1.12",NULL,NULL
"47","21912371","0","4","0","0",NULL,"1.05;1.12",NULL,NULL
"47","21912373","0","4","0","0",NULL,"1.12;2.02",NULL,NULL
"48","21605241","3","1","0","0","1.11;2.01","1.05",NULL,NULL
"48","21901324","0","4","0","0",NULL,"1.05",NULL,NULL
"48","21912371","3","1","0","0","2.01","1.05",NULL,NULL
"48","21912373","4","0","0","0","1.05",NULL,"NULL;NULL",
"49","21605241","0","4","0","0",NULL,"2.02;2.05;2.08",NULL,NULL
"49","21901324","4","0","0","0","2.02;2.05;2.08",NULL,NULL,NULL
"49","21912371","1","3","0","0","2.05;2.08","2.02",NULL,NULL
"49","21912373","1","3","0","0","2.05","2.02;2.08;4.03",NULL,NULL
"50","21605241","0","0","4","0",NULL,NULL,"1.01;2.01;2.05",NULL
"50","21901324","0","2","2","0",NULL,"1.01;1.04","1.01;1.04",NULL
"50","21912371","0","0","4","0",NULL,NULL,"1.01;5.03",NULL
"50","21912373","0","0","4","0",NULL,NULL,"1.05;2.02;3.04",NULL
"51","21605241","1","3","0","0","2.01","1.05;2.05",NULL,NULL
"51","21901324","0","4","0","0",NULL,"1.05",NULL,NULL
"51","21912371","3","1","0","0","2.01;2.05","1.05",NULL,NULL
"51","21912373","0","4","0","0",NULL,"1.05;2.01",NULL,NULL
"52","21605241","0","1","3","0",NULL,"1.04","1.01;1.11;1.12;4.03",NULL
"52","21901324","0","4","0","0",NULL,"1.01;1.11;2.05;2.08",NULL,NULL
"52","21912371","0","0","4","0",NULL,NULL,"1.01;1.11;1.12;2.08;4.03",NULL
"52","21912373","0","4","0","0",NULL,"1.11;2.01;2.08;4.03",NULL,NULL
"53","21605241","0","4","0","0",NULL,"1.04;2.02;2.05",NULL,NULL
"53","21901324","0","4","0","0",NULL,"2.02;2.05",NULL,NULL
"53","21912371","1","3","0","0","2.05","2.02",NULL,NULL
"53","21912373","0","4","0","0",NULL,"1.05;2.02",NULL,NULL
"54","21605241","0","4","0","0",NULL,"2.02;2.05",NULL,NULL
"54","21901324","0","4","0","0",NULL,NULL,NULL,NULL
"54","21912371","4","0","0","0","2.05",NULL,NULL,NULL
"54","21912373","0","4","0","0",NULL,"1.11;2.02;5.03",NULL,NULL
"55","21605241","0","3","1","0",NULL,"2.02","1.01",NULL
"55","21901324","0","4","0","0",NULL,"1.01",NULL,NULL
"55","21912371","0","0","4","0",NULL,NULL,"1.01;2.02",NULL
"55","21912373","0","4","0","0",NULL,"2.02",NULL,NULL
"56","21605241","2","1","1","0","2.02","1.05","2.08",NULL
"56","21901324","0","4","0","0",NULL,"2.05;2.08",NULL,NULL
"56","21912371","4","0","0","0","2.05;2.08",NULL,NULL,NULL
"56","21912373","2","2","0","0","2.05;2.08","1.05;2.02",NULL,NULL
"57","21605241","0","0","1","3",NULL,NULL,"1.04","1.07"
"57","21901324","0","4","0","0",NULL,"1.04;1.07",NULL,NULL
"57","21912371","0","4","0","0",NULL,"1.07",NULL,NULL
"57","21912373","0","4","0","0",NULL,"1.04;1.05;1.07",NULL,NULL
"58","21605241","0","2","2","0",NULL,"1.04;2.01","1.06;3.04",NULL
"58","21901324","0","4","0","0",NULL,"1.04;1.06;2.08",NULL,NULL
"58","21912371","0","4","0","0",NULL,"1.06;2.08",NULL,NULL
"58","21912373","0","4","0","0",NULL,"1.06;2.08",NULL,NULL
"59","21605241","3","1","0","0","2.02;2.05","2.08",NULL,NULL
"59","21901324","0","4","0","0",NULL,"2.05;2.08",NULL,NULL
"59","21912371","1","3","0","0","2.05","1.05;2.01;2.08;5.03",NULL,NULL
"59","21912373","1","3","0","0","2.05","1.05;2.01;2.08",NULL,NULL
"60","21605241","2","2","0","0","2.01","1.05;2.05",NULL,NULL
"60","21901324","0","4","0","0",NULL,"1.05",NULL,NULL
"60","21912371","1","3","0","0","2.01","1.05",NULL,NULL
"60","21912373","0","4","0","0",NULL,"1.05;2.01",NULL,NULL
"61","21605241","3","1","0","0","1.11;2.02;2.05","2.08",NULL,NULL
"61","21901324","0","4","0","0",NULL,"2.08",NULL,NULL
"61","21912371","4","0","0","0","1.07;2.08",NULL,NULL,NULL
"61","21912373","4","0","0","0","1.05;2.02;2.08",NULL,"NULL;NULL",
"62","21605241","0","0","4","0",NULL,NULL,"1.01;2.02;2.05;3.04",NULL
"62","21901324","0","4","0","0",NULL,"1.01;1.04;2.05;5.03",NULL,NULL
"62","21912371","0","1","3","0",NULL,"2.05","1.01;5.03",NULL
"62","21912373","0","4","0","0",NULL,"1.05;2.05;3.04",NULL,NULL
"63","21605241","0","2","2","0",NULL,"1.07","1.01;2.08",NULL
"63","21901324","0","4","0","0",NULL,"1.01;1.04;2.08",NULL,NULL
"63","21912371","0","4","0","0",NULL,"1.01;2.08",NULL,NULL
"63","21912373","0","4","0","0",NULL,"1.05;1.07;1.11;2.08",NULL,NULL
"64","21605241","3","1","0","0","1.07;2.01;2.05","2.08",NULL,NULL
"64","21901324","0","4","0","0",NULL,"1.05;2.08",NULL,NULL
"64","21912371","4","0","0","0","2.01;2.08",NULL,NULL,NULL
"64","21912373","4","0","0","0","2.01;2.05;2.08",NULL,"NULL;NULL",
"65","21605241","3","1","0","0","1.11;2.01;2.05","1.05",NULL,NULL
"65","21901324","0","4","0","0",NULL,"2.05",NULL,NULL
"65","21912371","0","4","0","0",NULL,"1.05;2.02",NULL,NULL
"65","21912373","0","4","0","0",NULL,"1.05;2.02",NULL,NULL
"66","21605241","3","1","0","0","1.07;2.05","1.01",NULL,NULL
"66","21901324","0","4","0","0",NULL,"1.01;1.06;1.07",NULL,NULL
"66","21912371","0","4","0","0",NULL,"1.06;2.05",NULL,NULL
"66","21912373","2","2","0","0","2.05","1.07",NULL,NULL
"67","21605241","0","4","0","0",NULL,"1.07;2.08",NULL,NULL
"67","21901324","0","4","0","0",NULL,"1.05;1.07;2.08",NULL,NULL
"67","21912371","0","4","0","0",NULL,"1.05;1.07;2.08",NULL,NULL
"67","21912373","0","4","0","0",NULL,"1.05;2.08",NULL,NULL
"68","21605241","3","1","0","0","2.01;2.05","2.08;5.03",NULL,NULL
"68","21901324","0","4","0","0",NULL,"1.07;2.05;2.08",NULL,NULL
"68","21912371","0","4","0","0",NULL,"2.05",NULL,NULL
"68","21912373","3","1","0","0","2.01;2.05;2.08","1.07",NULL,NULL
"69","21605241","2","2","0","0","2.05","1.01;2.02",NULL,NULL
"69","21901324","0","4","0","0",NULL,"1.01;1.04;2.05",NULL,NULL
"69","21912371","1","3","0","0","2.05","1.01;1.12;2.02",NULL,NULL
"69","21912373","2","2","0","0","2.05","1.12;2.02",NULL,NULL
"70","21605241","1","1","0","2","2.02","3.04",NULL,"1.07"
"70","21901324","0","4","0","0",NULL,"1.05;1.07",NULL,NULL
"70","21912371","4","0","0","0","2.05",NULL,NULL,NULL
"70","21912373","0","4","0","0",NULL,"1.07;2.02",NULL,NULL
"71","21605241","2","2","0","0","2.02","1.05",NULL,NULL
"71","21901324","0","4","0","0",NULL,"1.05",NULL,NULL
"71","21912371","0","4","0","0",NULL,"1.05",NULL,NULL
"71","21912373","3","1","0","0","2.02","1.05",NULL,NULL
"72","21605241","2","2","0","0","1.07","2.08",NULL,NULL
"72","21901324","0","4","0","0",NULL,"1.07;2.08",NULL,NULL
"72","21912371","4","0","0","0","1.05;1.07;2.08",NULL,NULL,NULL
"72","21912373","4","0","0","0","1.05;1.07;2.08",NULL,"NULL;NULL",
"73","21605241","0","2","2","0",NULL,"5.03","2.02;2.05",NULL
"73","21901324","0","4","0","0",NULL,"1.04;2.05",NULL,NULL
"73","21912371","0","4","0","0",NULL,"2.05;5.03",NULL,NULL
"73","21912373","1","3","0","0","2.05","1.04;2.02;5.03",NULL,NULL
"74","21605241","0","0","3","1",NULL,NULL,"2.02;2.08;3.04","1.01;2.05"
"74","21901324","0","4","0","0",NULL,"1.01;1.04;2.08;5.03",NULL,NULL
"74","21912371","0","4","0","0",NULL,"1.01;2.08;3.04",NULL,NULL
"74","21912373","0","4","0","0",NULL,"1.05;1.07;2.02;2.08;3.04",NULL,NULL
"75","21605241","2","1","1","0","1.07;1.11","2.08","1.01",NULL
"75","21901324","0","4","0","0",NULL,"1.01;1.07;2.05;2.08",NULL,NULL
"75","21912371","1","3","0","0","2.05","1.11;2.08",NULL,NULL
"75","21912373","4","0","0","0","1.07;2.05;2.08",NULL,"NULL;NULL",
"76","21605241","0","4","0","0",NULL,"2.02;2.05",NULL,NULL
"76","21901324","0","4","0","0",NULL,"1.07;2.05",NULL,NULL
"76","21912371","0","4","0","0",NULL,"1.07;2.05",NULL,NULL
"76","21912373","0","4","0","0",NULL,"1.07;2.02;2.05",NULL,NULL
"77","21605241","1","3","0","0","2.05","2.02",NULL,NULL
"77","21901324","0","4","0","0",NULL,"2.05",NULL,NULL
"77","21912371","0","4","0","0",NULL,"2.02",NULL,NULL
"77","21912373","0","4","0","0",NULL,"1.07;2.02;2.05",NULL,NULL
"78","21605241","0","2","2","0",NULL,"2.08;5.03","2.02;2.05",NULL
"78","21901324","0","4","0","0",NULL,"1.05;2.08",NULL,NULL
"78","21912371","0","4","0","0",NULL,"1.05;2.08;5.03",NULL,NULL
"78","21912373","0","4","0","0",NULL,"1.05;2.08;5.03",NULL,NULL
"79","21605241","0","0","0","0",NULL,"2.02;2.05",NULL,NULL
"79","21901324","0","4","0","0",NULL,"1.04;1.06;2.05",NULL,NULL
"79","21912371","0","2","2","0",NULL,"1.04;2.05","1.06",NULL
"79","21912373","0","4","0","0",NULL,"1.06;2.02;2.05",NULL,NULL
"80","21605241","0","3","1","0",NULL,"1.05;2.01;2.05;4.03","3.04",NULL
"80","21901324","0","3","1","0",NULL,"1.05;4.03","3.04",NULL
"80","21912371","0","2","2","0",NULL,"2.01;3.04","1.05;4.03",NULL
"80","21912373","0","4","0","0",NULL,"1.05;2.01;4.03",NULL,NULL
"81","21605241","2","2","0","0","2.01;2.05","1.05",NULL,NULL
"81","21901324","0","4","0","0",NULL,"1.05",NULL,NULL
"81","21912371","0","4","0","0",NULL,"1.05",NULL,NULL
"81","21912373","0","4","0","0",NULL,"1.05",NULL,NULL
"82","21605241","0","4","0","0",NULL,"1.04;2.02",NULL,NULL
"82","21901324","0","4","0","0",NULL,"1.04",NULL,NULL
"82","21912371","4","0","0","0","2.05",NULL,NULL,NULL
"82","21912373","0","4","0","0",NULL,"1.04;2.02",NULL,NULL
"83","21605241","0","1","3","0",NULL,"2.01","2.05;3.04","3.04"
"83","21901324","0","2","2","0",NULL,"1.04","3.04",NULL
"83","21912371","0","4","0","0",NULL,"1.04;1.05;3.04",NULL,NULL
"83","21912373","0","2","2","0",NULL,"2.01","1.05;3.04",NULL
"84","21605241","0","0","2","2",NULL,NULL,"1.05","2.02"
"84","21901324","0","4","0","0",NULL,"1.05",NULL,NULL
"84","21912371","0","0","4","0",NULL,NULL,"1.05;1.07",NULL
"84","21912373","0","0","4","0",NULL,NULL,"1.05;1.07",NULL
"85","21605241","0","4","0","0",NULL,"2.02;2.05;2.08",NULL,NULL
"85","21901324","0","4","0","0",NULL,"1.06;2.02;2.05;2.08",NULL,NULL
"85","21912371","0","4","0","0",NULL,"2.02;2.05;2.08",NULL,NULL
"85","21912373","0","4","0","0",NULL,"2.02;2.08;4.03",NULL,NULL
"86","21605241","0","1","3","0",NULL,"1.05","2.02;2.05;3.04",NULL
"86","21901324","0","4","0","0",NULL,"1.05",NULL,NULL
"86","21912371","0","0","4","0",NULL,NULL,"1.05;3.04;5.03",NULL
"86","21912373","0","1","3","0",NULL,"1.05","2.02;3.04",NULL
"87","21605241","0","1","1","2",NULL,"2.01","3.04","3.04"
"87","21901324","0","4","0","0",NULL,"1.01;2.05",NULL,NULL
"87","21912371","0","4","0","0",NULL,"1.07",NULL,NULL
"87","21912373","0","4","0","0",NULL,"1.07",NULL,NULL
"88","21605241","0","3","1","0",NULL,"2.02;2.05;3.04;4.03","5.03",NULL
"88","21901324","0","3","1","0",NULL,"1.05","1.05",NULL
"88","21912371","0","0","4","0",NULL,NULL,"1.05;4.03",NULL
"88","21912373","0","3","1","0",NULL,"1.05;2.02","4.03",NULL
"89","21605241","0","4","0","0",NULL,"2.02;3.04",NULL,NULL
"89","21901324","0","4","0","0",NULL,"1.05",NULL,NULL
"89","21912371","4","0","0","0","1.05;1.07",NULL,NULL,NULL
"89","21912373","0","4","0","0",NULL,"1.05;4.03",NULL,NULL
"90","21605241","0","4","0","0",NULL,"1.01;2.02;2.05;5.03",NULL,NULL
"90","21901324","0","3","1","0",NULL,"1.05;2.02;2.05;2.08;5.03","1.01",NULL
"90","21912371","0","2","2","0",NULL,"2.05;2.08","5.03",NULL
"90","21912373","0","4","0","0",NULL,"2.05;5.03",NULL,NULL
"91","21605241","3","1","0","0","2.02;2.05","2.08",NULL,NULL
"91","21901324","0","4","0","0",NULL,"2.08",NULL,NULL
"91","21912371","4","0","0","0","2.05;2.08",NULL,NULL,NULL
"91","21912373","2","2","0","0","2.02","2.08",NULL,NULL
"92","21605241","3","1","0","0","2.02;2.05","2.08",NULL,NULL
"92","21901324","0","4","0","0",NULL,"1.07;2.05;2.08",NULL,NULL
"92","21912371","3","1","0","0","1.07;2.08","1.05",NULL,NULL
"92","21912373","0","4","0","0",NULL,"1.05;1.07;3.04",NULL,NULL
"93","21605241","0","1","3","2",NULL,"1.05","2.01;2.05;3.04",NULL
"93","21901324","0","3","1","0",NULL,"1.05",NULL,NULL
"93","21912371","0","4","0","0",NULL,"1.05;2.01",NULL,NULL
"93","21912373","0","4","0","0",NULL,"1.05;2.01;3.04",NULL,NULL
"94","21605241","0","0","2","2",NULL,NULL,"1.04;2.05","2.02"
"94","21901324","0","3","1","0",NULL,"1.04;2.05","5.03",NULL
"94","21912371","0","4","0","0",NULL,"2.02;2.05",NULL,NULL
"94","21912373","2","2","0","0","2.05","2.02;5.03",NULL,NULL
"95","21605241","2","2","0","0","1.11;2.05","2.02;2.08",NULL,NULL
"95","21901324","0","4","0","0",NULL,"1.11;2.02;2.05;2.08",NULL,NULL
"95","21912371","4","0","0","0","2.01;2.05;2.08",NULL,NULL,NULL
"95","21912373","2","2","0","0","1.11;2.05","1.07;2.02",NULL,NULL
"96","21605241","0","3","1","0",NULL,"2.01","2.05",NULL
"96","21901324","0","4","0","0",NULL,"1.04",NULL,NULL
"96","21912371","0","4","0","0",NULL,"2.01;2.05;3.04",NULL,NULL
"96","21912373","0","4","0","0",NULL,"2.01;2.05;5.03",NULL,NULL
"97","21605241","1","3","0","0","2.01","2.08;3.04",NULL,NULL
"97","21901324","0","4","0","0",NULL,"1.11;2.08",NULL,NULL
"97","21912371","4","0","0","0","1.11;2.08",NULL,NULL,NULL
"97","21912373","2","2","0","0","2.08","1.11",NULL,NULL
"98","21605241","0","2","2","0",NULL,"1.05","2.02",NULL
"98","21901324","0","4","0","0",NULL,"1.05",NULL,NULL
"98","21912371","0","4","0","0",NULL,"1.05",NULL,NULL
"98","21912373","0","4","0","0",NULL,"1.05;2.02",NULL,NULL
"99","21605241","0","3","0","1",NULL,"2.02;2.08",NULL,"2.05"
"99","21901324","0","4","0","0",NULL,"2.05;2.08",NULL,NULL
"99","21912371","0","4","0","0",NULL,"1.05;1.06;1.07;2.08",NULL,NULL
"99","21912373","0","4","0","0",NULL,"1.05;2.08;4.03",NULL,NULL
"100","21605241","0","4","0","0",NULL,"1.05;1.07",NULL,NULL
"100","21901324","0","4","0","0",NULL,"1.05;1.07",NULL,NULL
"100","21912371","0","4","0","0",NULL,"1.05;1.07",NULL,NULL
"100","21912373","0","4","0","0",NULL,"1.05;1.07",NULL,NULL
"101","21605241","0","1","3","0",NULL,"2.01","1.01;1.12;2.05",NULL
"101","21901324","0","4","0","0",NULL,"1.01;1.04;1.05;1.06;1.12;2.05",NULL,NULL
"101","21912371","0","4","0","0",NULL,"1.04;1.06;2.05;5.03",NULL,NULL
"101","21912373","1","3","0","0","2.05","1.06;1.12;2.01",NULL,NULL
"102","21605241","2","1","0","1","1.07","2.08",NULL,"2.05"
"102","21901324","0","4","0","0",NULL,"1.07;2.05;2.08",NULL,NULL
"102","21912371","4","0","0","0","1.05;1.07",NULL,NULL,NULL
"102","21912373","4","0","0","0","1.07;1.11;2.08",NULL,"NULL;NULL",
"103","21605241","0","2","2","0",NULL,"2.01","3.04",NULL
"103","21901324","0","3","1","0",NULL,"1.05","1.05",NULL
"103","21912371","0","0","4","0",NULL,NULL,"1.04;1.05",NULL
"103","21912373","0","4","0","0",NULL,"1.05;3.04",NULL,NULL
"104","21605241","0","0","4","0",NULL,NULL,"1.04;2.02",NULL
"104","21901324","0","4","0","0",NULL,"1.04;5.03",NULL,NULL
"104","21912371","0","0","4","0",NULL,NULL,"1.04",NULL
"104","21912373","0","0","4","0",NULL,NULL,"2.02",NULL
"105","21605241","2","2","0","0","2.01;2.05","2.08;4.03",NULL,NULL
"105","21901324","0","4","0","0",NULL,"2.01;2.05;2.08;4.03",NULL,NULL
"105","21912371","4","0","0","0","2.01;2.05;2.08",NULL,NULL,NULL
"105","21912373","3","1","0","0","2.05;2.08","5.03",NULL,NULL
"106","21605241","0","0","4","0",NULL,NULL,"1.05;1.12;2.01",NULL
"106","21901324","0","4","0","0",NULL,"1.05",NULL,NULL
"106","21912371","0","0","4","0",NULL,NULL,"1.05;1.12",NULL
"106","21912373","0","2","2","0",NULL,"1.11","3.04;5.03",NULL
"107","21605241","0","4","0","0",NULL,"1.01;3.04",NULL,NULL
"107","21901324","0","4","0","0",NULL,"1.01",NULL,NULL
"107","21912371","0","4","0","0",NULL,"3.04",NULL,NULL
"107","21912373","0","4","0","0",NULL,"2.02",NULL,NULL
"108","21605241","4","0","0","0","1.07",NULL,"NULL;NULL",
"108","21901324","0","4","0","0",NULL,"1.04;1.07",NULL,NULL
"108","21912371","0","4","0","0",NULL,"1.07;2.05",NULL,NULL
"108","21912373","0","4","0","0",NULL,"1.07;2.05",NULL,NULL
"109","21605241","2","2","0","0","2.05","2.02",NULL,NULL
"109","21901324","0","4","0","0",NULL,"2.02;2.05",NULL,NULL
"109","21912371","4","0","0","0","3.04",NULL,NULL,NULL
"109","21912373","3","2","0","0","2.05","2.02",NULL,NULL
"110","21605241","2","2","0","0","2.05","2.02",NULL,NULL
"110","21901324","0","4","0","0",NULL,"2.02;2.05",NULL,NULL
"110","21912371","0","4","0","0",NULL,"2.01;2.05",NULL,NULL
"110","21912373","1","3","0","0","2.01","4.03",NULL,NULL
"111","21605241","0","1","3","0",NULL,"1.06;2.08","2.02;2.05",NULL
"111","21901324","0","4","0","0",NULL,"1.05;1.06;1.11;2.08",NULL,NULL
"111","21912371","0","4","0","0",NULL,"1.05;1.11;2.01",NULL,NULL
"111","21912373","0","4","0","0",NULL,"1.06;1.11;2.08",NULL,NULL
"112","21605241","0","4","0","0",NULL,"2.01;2.05",NULL,NULL
"112","21901324","0","4","0","0",NULL,"2.02;2.05",NULL,NULL
"112","21912371","0","4","0","0",NULL,"1.07",NULL,NULL
"112","21912373","0","4","0","0",NULL,"2.01;2.05",NULL,NULL
"113","21605241","0","2","2","0",NULL,"2.01","2.05;3.04",NULL
"113","21901324","0","4","0","0",NULL,"1.07;2.05",NULL,NULL
"113","21912371","0","0","4","0",NULL,NULL,"1.06",NULL
"113","21912373","0","4","0","0",NULL,"2.05",NULL,NULL
"114","21605241","0","1","3","0",NULL,"1.05","2.02;2.05",NULL
"114","21901324","0","3","1","0",NULL,"1.05;2.02","1.05",NULL
"114","21912371","0","0","4","0",NULL,NULL,"1.05;2.02",NULL
"114","21912373","0","0","4","0",NULL,NULL,"1.05;2.02",NULL
"115","21605241","0","4","0","0",NULL,"1.05;2.02",NULL,NULL
"115","21901324","0","4","0","0",NULL,"1.05",NULL,NULL
"115","21912371","0","0","4","0",NULL,NULL,"1.06;1.07;5.03",NULL
"115","21912373","0","4","0","0",NULL,"1.05;1.06;2.02;5.03",NULL,NULL
"116","21605241","0","0","4","0",NULL,NULL,"2.02",NULL
"116","21901324","0","4","0","0",NULL,"1.04",NULL,NULL
"116","21912371","0","0","4","0",NULL,NULL,"1.07",NULL
"116","21912373","0","2","2","0",NULL,"2.02","5.03",NULL
"117","21605241","0","0","4","0",NULL,NULL,"1.05;2.02",NULL
"117","21901324","0","4","0","0",NULL,"1.05",NULL,NULL
"117","21912371","0","0","4","0",NULL,NULL,"1.05",NULL
"117","21912373","0","0","4","0",NULL,NULL,"1.05;2.02",NULL
"118","21605241","0","3","1","0",NULL,"1.01;2.01;2.05","4.03",NULL
"118","21901324","0","4","0","0",NULL,"1.04",NULL,NULL
"118","21912371","0","2","2","0",NULL,"1.04;2.05","2.01;4.03",NULL
"118","21912373","0","4","0","0",NULL,"2.01;4.03",NULL,NULL
"119","21605241","2","2","0","0","2.02;2.05","1.05;2.08",NULL,NULL
"119","21901324","0","4","0","0",NULL,"1.05;1.11;2.08",NULL,NULL
"119","21912371","0","4","0","0",NULL,"1.11;2.08;3.04",NULL,NULL
"119","21912373","0","4","0","0",NULL,"2.08;3.04",NULL,NULL
"120","21605241","0","0","4","0",NULL,NULL,"1.04;2.02;3.04",NULL
"120","21901324","0","4","0","0",NULL,"1.04",NULL,NULL
"120","21912371","0","0","4","0",NULL,NULL,"1.04;5.03",NULL
"120","21912373","0","2","2","0",NULL,"2.02","1.04;3.04",NULL
"121","21605241","1","3","0","0","2.01","2.05;3.04",NULL,NULL
"121","21901324","0","3","1","0",NULL,"1.05","1.05",NULL
"121","21912371","4","0","0","0","2.01",NULL,NULL,NULL
"121","21912373","1","3","0","0","2.01","3.04;5.03",NULL,NULL
"122","21605241","1","3","0","0","2.01","1.06;3.04",NULL,NULL
"122","21901324","0","4","0","0",NULL,"2.01;2.05;5.03",NULL,NULL
"122","21912371","0","4","0","0",NULL,"1.04;2.01;2.05;5.03",NULL,NULL
"122","21912373","0","4","0","0",NULL,"2.05;5.03",NULL,NULL
"123","21605241","0","2","2","0",NULL,"2.02","2.05",NULL
"123","21901324","0","3","1","0",NULL,"1.05","1.05",NULL
"123","21912371","0","0","4","0",NULL,NULL,"1.05",NULL
"123","21912373","0","4","0","0",NULL,"1.05;1.11",NULL,NULL
"124","21605241","1","3","0","0","1.11","2.05",NULL,NULL
"124","21901324","0","4","0","0",NULL,"1.07;2.05",NULL,NULL
"124","21912371","0","4","0","0",NULL,"1.07;1.11;2.05",NULL,NULL
"124","21912373","0","4","0","0",NULL,"1.07;2.01;2.05;3.04",NULL,NULL
"125","21605241","0","4","0","0",NULL,"1.05;1.12;2.01",NULL,NULL
"125","21901324","0","4","0","0",NULL,"1.05;2.08",NULL,NULL
"125","21912371","0","4","0","0",NULL,"1.05;1.12;2.08;5.03",NULL,NULL
"125","21912373","0","4","0","0",NULL,"1.05;1.12;5.03",NULL,NULL
"126","21605241","3","1","0","0","1.11","2.01",NULL,NULL
"126","21901324","0","4","0","0",NULL,"1.06;1.11",NULL,NULL
"126","21912371","0","4","0","0",NULL,"1.11;2.05",NULL,NULL
"126","21912373","1","3","0","0","2.05","1.06;1.11;2.01;3.04",NULL,NULL
"127","21605241","1","3","0","0","2.05","1.01;2.02;2.08",NULL,NULL
"127","21901324","0","4","0","0",NULL,"1.01;2.05;2.08",NULL,NULL
"127","21912371","0","4","0","0",NULL,"1.01;2.05;2.08",NULL,NULL
"127","21912373","1","3","0","0","2.08","1.01;1.07",NULL,NULL
"128","21605241","0","2","2","0",NULL,"2.02;3.04","1.05;2.05",NULL
"128","21901324","0","3","2","0",NULL,"1.07;1.11","3.04",NULL
"128","21912371","0","4","0","0",NULL,"1.07;2.05",NULL,NULL
"128","21912373","0","4","0","0",NULL,"1.07;3.04",NULL,NULL
"129","21605241","0","3","0","1",NULL,"2.02;2.05;2.08",NULL,"3.04"
"129","21901324","0","4","0","0",NULL,"1.05;2.02;2.08",NULL,NULL
"129","21912371","0","4","0","0",NULL,"2.02;2.05;2.08",NULL,NULL
"129","21912373","1","3","0","0","2.05","2.02;2.08;3.04",NULL,NULL
"130","21605241","0","2","2","0",NULL,"1.05;2.01","2.05;3.04",NULL
"130","21901324","0","4","0","0",NULL,"1.11",NULL,NULL
"130","21912371","0","4","0","0",NULL,"1.05;1.07;1.11;2.05",NULL,NULL
"130","21912373","0","3","1","0",NULL,"1.05;1.07;1.11","2.02",NULL
"131","21605241","0","2","2","0",NULL,"1.04;2.05","1.01;4.03",NULL
"131","21901324","0","4","0","0",NULL,"1.01;1.06",NULL,NULL
"131","21912371","0","0","4","0",NULL,NULL,"4.03;5.03",NULL
"131","21912373","0","0","4","0",NULL,NULL,"1.06;2.02;4.03",NULL
"132","21605241","0","4","0","0",NULL,"1.05;1.12;2.01;2.05",NULL,NULL
"132","21901324","0","4","0","0",NULL,"1.05",NULL,NULL
"132","21912371","0","4","0","0",NULL,"1.05;1.12",NULL,NULL
"132","21912373","0","2","2","0",NULL,"1.05;2.02","1.12;3.04",NULL
"133","21605241","0","3","1","0",NULL,"1.05;2.02","3.04",NULL
"133","21901324","0","3","1","0",NULL,"1.05","3.04",NULL
"133","21912371","0","4","0","0",NULL,"1.05;1.07",NULL,NULL
"133","21912373","0","2","2","0",NULL,"1.05;2.02","3.04;4.03",NULL
"134","21605241","0","2","2","0",NULL,"1.05","2.02",NULL
"134","21901324","0","4","0","0",NULL,"1.05",NULL,NULL
"134","21912371","0","0","4","0",NULL,NULL,"1.05;5.03",NULL
"134","21912373","0","0","4","0",NULL,NULL,"1.05",NULL
"135","21605241","0","2","2","0",NULL,"2.08","1.01;1.04",NULL
"135","21901324","0","4","0","0",NULL,"1.01;1.04;2.08",NULL,NULL
"135","21912371","0","4","0","0",NULL,"1.01;1.05;2.08;4.03",NULL,NULL
"135","21912373","0","3","1","0",NULL,"1.05;2.02","4.03",NULL
"136","21605241","0","2","2","0",NULL,"1.07","1.01",NULL
"136","21901324","0","4","0","0",NULL,"1.01;1.04",NULL,NULL
"136","21912371","0","4","0","0",NULL,"1.01;1.07",NULL,NULL
"136","21912373","0","4","0","0",NULL,"1.07",NULL,NULL
"137","21605241","0","3","1","0",NULL,"2.01;2.05;4.03","3.04",NULL
"137","21901324","0","4","0","0",NULL,"1.05;2.01",NULL,NULL
"137","21912371","0","4","0","0",NULL,"1.05;2.01;2.05;4.03",NULL,NULL
"137","21912373","0","4","0","0",NULL,"2.01;3.04;4.03",NULL,NULL
"138","21605241","0","2","0","2",NULL,"1.01",NULL,"1.07"
"138","21901324","0","4","0","0",NULL,"1.01;1.07",NULL,NULL
"138","21912371","0","0","4","0",NULL,NULL,"1.07",NULL
"138","21912373","0","0","4","0",NULL,NULL,"1.07",NULL
"139","21605241","0","2","2","0",NULL,"1.05","1.07",NULL
"139","21901324","0","4","0","0",NULL,"1.04;1.07;1.11",NULL,NULL
"139","21912371","0","4","0","0",NULL,"1.05;1.07;1.11",NULL,NULL
"139","21912373","0","4","0","0",NULL,"1.05;1.07;1.11;3.04",NULL,NULL
"140","21605241","0","2","2","0",NULL,"1.05","1.07",NULL
"140","21901324","0","4","0","0",NULL,"1.05;1.07",NULL,NULL
"140","21912371","0","4","0","0",NULL,"1.05;1.07",NULL,NULL
"140","21912373","0","4","0","0",NULL,"1.07;2.05",NULL,NULL
"141","21605241","3","1","0","0","2.01;2.05","1.05",NULL,NULL
"141","21901324","0","4","0","0",NULL,"2.01;2.05;2.08",NULL,NULL
"141","21912371","0","4","0","0",NULL,"1.05;2.01;2.05;2.08",NULL,NULL
"141","21912373","4","0","0","0","1.05;2.01;2.08",NULL,"NULL;NULL",
"142","21605241","0","4","0","0",NULL,"1.01;1.07",NULL,NULL
"142","21901324","0","4","0","0",NULL,"1.01;1.04;1.07;2.05",NULL,NULL
"142","21912371","0","2","2","0",NULL,"2.05","1.07",NULL
"142","21912373","0","4","0","0",NULL,"1.07;2.02;2.05",NULL,NULL
"143","21605241","3","1","0","0","1.07;2.05","2.08",NULL,NULL
"143","21901324","0","4","0","0",NULL,"1.07;2.05;2.08",NULL,NULL
"143","21912371","4","0","0","0","1.07;2.05;2.08",NULL,NULL,NULL
"143","21912373","4","0","0","0","1.05;1.07;3.04",NULL,"NULL;NULL",
"144","21605241","0","3","1","0",NULL,"2.01;2.05","1.01",NULL
"144","21901324","0","4","0","0",NULL,"1.01;1.06",NULL,NULL
"144","21912371","0","4","0","0",NULL,"1.01;1.06",NULL,NULL
"144","21912373","0","4","0","0",NULL,"1.05;1.06;2.01",NULL,NULL
"145","21605241","0","4","0","0",NULL,"2.01;3.04",NULL,NULL
"145","21901324","0","4","0","0",NULL,"1.04;1.07",NULL,NULL
"145","21912371","0","4","0","0",NULL,"1.07;3.04",NULL,NULL
"145","21912373","0","4","0","0",NULL,"1.07;1.11;3.04",NULL,NULL
"146","21605241","2","1","1","0","2.01","2.08","1.01",NULL
"146","21901324","0","4","0","0",NULL,"1.01;2.08",NULL,NULL
"146","21912371","3","0","1","0","2.05;2.08",NULL,"1.01",NULL
"146","21912373","4","0","0","0","2.08",NULL,"NULL;NULL",
"147","21605241","3","1","0","0","2.05","2.02",NULL,NULL
"147","21901324","0","4","0","0",NULL,"1.05;2.05",NULL,NULL
"147","21912371","0","4","0","0",NULL,"1.05;2.02",NULL,NULL
"147","21912373","0","4","0","0",NULL,"2.02",NULL,NULL
"148","21605241","0","2","2","0",NULL,"2.02","2.08",NULL
"148","21901324","0","4","0","0",NULL,"1.04;2.08",NULL,NULL
"148","21912371","0","4","0","0",NULL,"1.04;2.08",NULL,NULL
"148","21912373","0","4","0","0",NULL,"2.08;5.03",NULL,NULL
"149","21605241","1","2","1","0","2.05","2.08","1.05",NULL
"149","21901324","0","4","0","0",NULL,"1.05;2.08",NULL,NULL
"149","21912371","4","0","0","0","2.01;2.05;2.08",NULL,NULL,NULL
"149","21912373","0","4","0","0",NULL,"2.02;2.08;3.04",NULL,NULL
"150","21605241","2","2","0","0","2.02","2.08",NULL,NULL
"150","21901324","0","4","0","0",NULL,"1.05;2.08",NULL,NULL
"150","21912371","0","4","0","0",NULL,"1.05;2.08",NULL,NULL
"150","21912373","0","4","0","0",NULL,"1.11;2.02;2.08",NULL,NULL
"151","21605241","0","1","3","0",NULL,"2.02;2.08","1.01;2.05;4.03",NULL
"151","21901324","0","4","0","0",NULL,"1.01;2.08;4.03",NULL,NULL
"151","21912371","0","4","0","0",NULL,"2.05;2.08;4.03",NULL,NULL
"151","21912373","0","4","0","0",NULL,"2.08;4.03;5.03",NULL,NULL
"152","21605241","0","4","0","0",NULL,"2.02;2.05;3.04",NULL,NULL
"152","21901324","0","4","0","0",NULL,"1.05",NULL,NULL
"152","21912371","0","4","0","0",NULL,"1.05;2.02;3.04",NULL,NULL
"152","21912373","0","4","0","0",NULL,"1.05;5.03",NULL,NULL
"153","21605241","2","2","0","0","2.05","2.08",NULL,NULL
"153","21901324","0","4","0","0",NULL,"1.06;2.02;2.08",NULL,NULL
"153","21912371","0","4","0","0",NULL,"1.06;1.07;2.08",NULL,NULL
"153","21912373","0","4","0","0",NULL,"2.02;2.05;2.08",NULL,NULL
"154","21605241","1","3","0","0","2.05","1.05;2.08",NULL,NULL
"154","21901324","0","4","0","0",NULL,"1.05;2.08",NULL,NULL
"154","21912371","0","4","0","0",NULL,"1.05;2.08",NULL,NULL
"154","21912373","0","4","0","0",NULL,"1.05;2.08",NULL,NULL
"155","21605241","2","2","0","0","2.05","2.02;2.08",NULL,NULL
"155","21901324","0","4","0","0",NULL,"2.08",NULL,NULL
"155","21912371","4","0","0","0","2.05;2.08",NULL,NULL,NULL
"155","21912373","1","3","0","0","2.08","2.02",NULL,NULL
"156","21605241","0","4","0","0",NULL,"1.05;1.07;2.08",NULL,NULL
"156","21901324","0","4","0","0",NULL,"1.05;1.07;2.08",NULL,NULL
"156","21912371","0","0","4","0",NULL,NULL,"1.05;1.07;2.08",NULL
"156","21912373","4","0","0","0","1.07;2.08",NULL,"NULL;NULL",
"157","21605241","0","4","0","0",NULL,"1.05;1.07;2.08",NULL,NULL
"157","21901324","0","4","0","0",NULL,"1.05;1.07;2.08",NULL,NULL
"157","21912371","0","4","0","0",NULL,"1.07;2.08",NULL,NULL
"157","21912373","0","4","0","0",NULL,"1.11;2.08",NULL,NULL
"158","21605241","0","0","4","0",NULL,NULL,"1.05;1.06;2.02;2.05",NULL
"158","21901324","0","4","0","0",NULL,"1.05;1.06",NULL,NULL
"158","21912371","0","4","0","0",NULL,"1.05",NULL,NULL
"158","21912373","0","4","0","0",NULL,"2.02;4.03",NULL,NULL
"159","21605241","0","1","3","0",NULL,"1.05","2.01;2.05",NULL
"159","21901324","0","4","0","0",NULL,"1.05;2.01;5.03",NULL,NULL
"159","21912371","0","2","2","0",NULL,"2.01","1.05;5.03",NULL
"159","21912373","0","4","0","0",NULL,"2.01",NULL,NULL
"160","21605241","0","4","0","0",NULL,"1.01;1.07;2.08",NULL,NULL
"160","21901324","0","4","0","0",NULL,"1.01;1.07;2.08",NULL,NULL
"160","21912371","0","4","0","0",NULL,"1.01;1.07;2.08",NULL,NULL
"160","21912373","4","0","0","0","2.08",NULL,"NULL;NULL",
"161","21605241","4","0","0","0","2.01;2.05",NULL,"NULL;NULL",
"161","21901324","0","4","0","0",NULL,"1.04;2.02;2.05",NULL,NULL
"161","21912371","4","0","0","0","2.05",NULL,NULL,NULL
"161","21912373","3","1","0","0","2.01;2.05","5.03",NULL,NULL
"162","21605241","3","1","0","0","2.01;2.05","3.04",NULL,NULL
"162","21901324","0","4","0","0",NULL,"2.01;2.05",NULL,NULL
"162","21912371","0","4","0","0",NULL,"1.05;2.01;3.04;5.03",NULL,NULL
"162","21912373","1","3","0","0","2.01","3.04;5.03",NULL,NULL
"163","21605241","0","4","0","0",NULL,"2.02;2.05",NULL,NULL
"163","21901324","0","4","0","0",NULL,NULL,NULL,NULL
"163","21912371","0","4","0","0",NULL,"2.02",NULL,NULL
"163","21912373","0","4","0","0",NULL,"4.03",NULL,NULL
"164","21605241","2","2","0","0","2.01","2.05",NULL,NULL
"164","21901324","0","4","0","0",NULL,"2.05;5.03",NULL,NULL
"164","21912371","0","2","2","0",NULL,"2.05","5.03",NULL
"164","21912373","0","4","0","0",NULL,"2.01;2.05",NULL,NULL
"165","21605241","0","0","4","0",NULL,NULL,"2.02;2.05",NULL
"165","21901324","0","4","0","0",NULL,"1.05;1.06",NULL,NULL
"165","21912371","0","4","0","0",NULL,"1.05;2.02",NULL,NULL
"165","21912373","0","4","0","0",NULL,"1.06;2.02",NULL,NULL
"166","21605241","2","2","0","0","2.01","1.05",NULL,NULL
"166","21901324","0","4","0","0",NULL,"1.05",NULL,NULL
"166","21912371","0","4","0","0",NULL,"1.07",NULL,NULL
"166","21912373","0","4","0","0",NULL,"1.05",NULL,NULL
"167","21605241","0","4","0","0",NULL,"2.02;2.05",NULL,NULL
"167","21901324","0","4","0","0",NULL,"1.05;4.03",NULL,NULL
"167","21912371","0","4","0","0",NULL,"1.05;1.06;2.02;4.03",NULL,NULL
"167","21912373","0","4","0","0",NULL,"1.05;1.06",NULL,NULL
"168","21605241","0","0","4","0",NULL,NULL,"1.05;1.07;2.08",NULL
"168","21901324","0","4","0","0",NULL,"1.07;2.08",NULL,NULL
"168","21912371","0","0","4","0",NULL,NULL,"1.05;1.07;2.08",NULL
"168","21912373","0","0","0","4",NULL,"NULL;NULL","2.08",
"169","21605241","0","4","0","0",NULL,"1.05;2.02;2.05",NULL,NULL
"169","21901324","0","4","0","0",NULL,"1.05",NULL,NULL
"169","21912371","0","4","0","0",NULL,"1.05",NULL,NULL
"169","21912373","0","4","0","0",NULL,"1.05;2.02",NULL,NULL
"170","21605241","0","0","4","0",NULL,NULL,"1.01",NULL
"170","21901324","0","4","0","0",NULL,"1.01;1.04",NULL,NULL
"170","21912371","0","0","4","0",NULL,NULL,"1.01",NULL
"170","21912373","0","4","0","0",NULL,"2.02",NULL,NULL
"171","21605241","0","0","4","0",NULL,NULL,"1.01;1.04",NULL
"171","21901324","0","4","0","0",NULL,"1.01;1.04",NULL,NULL
"171","21912371","0","0","4","0",NULL,NULL,"1.01;1.04;1.05",NULL
"171","21912373","0","0","4","0",NULL,NULL,"5.03",NULL
"172","21605241","0","0","4","0",NULL,NULL,"1.05;2.01;2.05",NULL
"172","21901324","0","3","1","0",NULL,"1.05","1.05",NULL
"172","21912371","0","2","2","0",NULL,"2.01","1.05",NULL
"172","21912373","0","2","2","0",NULL,"2.01","1.05",NULL
"173","21605241","0","2","2","0",NULL,"2.01","1.01;2.05",NULL
"173","21901324","0","4","0","0",NULL,"1.01;1.05;2.05",NULL,NULL
"173","21912371","0","2","2","0",NULL,"2.01","1.05;5.03",NULL
"173","21912373","0","4","0","0",NULL,"1.05;2.01",NULL,NULL
"174","21605241","1","2","1","0","2.01","2.05","1.01",NULL
"174","21901324","0","4","0","0",NULL,"1.01;2.02",NULL,NULL
"174","21912371","0","4","0","0",NULL,"2.01;2.05",NULL,NULL
"174","21912373","0","4","0","0",NULL,"3.04",NULL,NULL
"175","21605241","0","1","0","0",NULL,"2.02","1.01;2.05",NULL
"175","21901324","0","3","1","0",NULL,"1.01","1.01",NULL
"175","21912371","0","0","4","0",NULL,NULL,"1.01;2.02;5.03",NULL
"175","21912373","0","0","4","0",NULL,NULL,"1.05;2.02;5.03",NULL
"176","21605241","0","2","2","0",NULL,"2.02","4.03",NULL
"176","21901324","0","4","0","0",NULL,"2.02;2.05;4.03",NULL,NULL
"176","21912371","0","4","0","0",NULL,"2.02;2.05;4.03",NULL,NULL
"176","21912373","0","3","1","0",NULL,"2.05","4.03",NULL
"177","21605241","0","4","0","0",NULL,"2.01;2.05;3.04",NULL,NULL
"177","21901324","0","4","0","0",NULL,"1.05",NULL,NULL
"177","21912371","0","4","0","0",NULL,"2.01",NULL,NULL
"177","21912373","0","4","0","0",NULL,"3.04",NULL,NULL
"178","21605241","0","4","0","0",NULL,"2.02;2.05",NULL,NULL
"178","21901324","0","4","0","0",NULL,"2.02",NULL,NULL
"178","21912371","0","4","0","0",NULL,"2.02",NULL,NULL
"178","21912373","0","0","0","0",NULL,"1.11;3.04",NULL,NULL
"179","21605241","0","4","0","0",NULL,"1.07",NULL,NULL
"179","21901324","0","4","0","0",NULL,NULL,NULL,NULL
"179","21912371","0","4","0","0",NULL,"1.07",NULL,NULL
"179","21912373","0","4","0","0",NULL,"1.07",NULL,NULL
"180","21605241","0","1","3","0",NULL,"2.02","1.01;2.05",NULL
"180","21901324","0","4","0","0",NULL,"1.01;1.04",NULL,NULL
"180","21912371","0","0","4","0",NULL,NULL,"1.01;1.04",NULL
"180","21912373","0","4","0","0",NULL,"1.04;1.05",NULL,NULL
"181","21605241","0","3","1","0",NULL,"1.07;3.04","1.05",NULL
"181","21901324","0","4","0","0",NULL,"1.05;1.07",NULL,NULL
"181","21912371","0","0","4","0",NULL,NULL,"1.05;1.07;3.04",NULL
"181","21912373","0","4","0","0",NULL,"2.02",NULL,NULL
"182","21605241","0","4","0","0",NULL,"1.07;2.08;3.04",NULL,NULL
"182","21901324","0","4","0","0",NULL,"1.05;1.07;2.08",NULL,NULL
"182","21912371","0","4","0","0",NULL,"1.05;1.07;3.04",NULL,NULL
"182","21912373","0","4","0","0",NULL,"2.08;3.04",NULL,NULL
"183","21605241","0","1","3","0",NULL,"2.02","1.04;4.03",NULL
"183","21901324","0","4","0","0",NULL,"1.04;4.03",NULL,NULL
"183","21912371","0","0","4","0",NULL,NULL,"1.04;4.03",NULL
"183","21912373","0","0","4","0",NULL,NULL,"1.04;4.03",NULL
"184","21605241","0","2","2","0",NULL,"1.06;2.02","1.01;2.05",NULL
"184","21901324","0","4","0","0",NULL,"1.01;1.04;1.06;1.07;2.05",NULL,NULL
"184","21912371","0","0","4","0",NULL,NULL,"1.01;1.04;1.06",NULL
"184","21912373","0","4","0","0",NULL,"1.06",NULL,NULL
"185","21605241","0","0","4","0",NULL,NULL,"1.01;1.05;1.06;3.04",NULL
"185","21901324","0","3","1","0",NULL,"1.01;1.05;1.06","1.01",NULL
"185","21912371","0","4","0","0",NULL,"1.05;1.06;1.07",NULL,NULL
"185","21912373","0","4","0","0",NULL,"1.06;3.04",NULL,NULL
"186","21605241","0","0","4","0",NULL,NULL,"1.05;2.02",NULL
"186","21901324","0","3","1","0",NULL,"1.05","1.05",NULL
"186","21912371","0","0","4","0",NULL,NULL,"1.05;3.04",NULL
"186","21912373","0","0","4","0",NULL,NULL,"1.05",NULL
"187","21605241","2","2","0","0","1.11;2.02","2.08;4.03",NULL,NULL
"187","21901324","0","4","0","0",NULL,"1.11;2.02;2.08",NULL,NULL
"187","21912371","4","0","0","0","1.05;1.11;4.03",NULL,NULL,NULL
"187","21912373","3","1","0","0","1.11;2.08","2.02;4.03",NULL,NULL
"188","21605241","0","0","4","0",NULL,NULL,"1.05;2.02",NULL
"188","21901324","0","4","0","0",NULL,"1.05",NULL,NULL
"188","21912371","0","0","4","0",NULL,NULL,"1.05",NULL
"188","21912373","0","4","0","0",NULL,"1.05;2.02",NULL,NULL
"189","21605241","0","2","2","0",NULL,"1.05;2.02","1.01",NULL
"189","21901324","0","4","0","0",NULL,"1.01;1.04",NULL,NULL
"189","21912371","0","0","4","0",NULL,NULL,"1.01;1.04",NULL
"189","21912373","0","4","0","0",NULL,"2.02",NULL,NULL
"190","21605241","0","4","0","0",NULL,"2.02;2.05",NULL,NULL
"190","21901324","0","4","0","0",NULL,"2.02",NULL,NULL
"190","21912371","0","4","0","0",NULL,"2.02",NULL,NULL
"190","21912373","0","4","0","0",NULL,"1.07;2.02",NULL,NULL
"191","21605241","0","1","3","0",NULL,"1.05","2.01;2.08",NULL
"191","21901324","0","3","1","0",NULL,"2.08","1.05;2.08",NULL
"191","21912371","0","0","4","0",NULL,NULL,"1.05;2.08;5.03",NULL
"191","21912373","0","0","4","0",NULL,NULL,"2.08",NULL
"192","21605241","2","2","0","0","1.11","1.12",NULL,NULL
"192","21901324","0","4","0","0",NULL,"1.07;1.11",NULL,NULL
"192","21912371","4","0","0","0","1.05;1.07;1.11;1.12;5.03",NULL,NULL,NULL
"192","21912373","3","1","0","0","1.07;1.11","1.12",NULL,NULL
"193","21605241","0","2","0","2",NULL,"1.05;1.07",NULL,"1.07"
"193","21901324","0","4","0","0",NULL,"1.05;1.07",NULL,NULL
"193","21912371","4","0","0","0","1.05;1.07",NULL,NULL,NULL
"193","21912373","0","4","0","0",NULL,"1.07",NULL,NULL
"194","21605241","0","1","3","0",NULL,"2.01","1.05;2.05",NULL
"194","21901324","0","4","0","0",NULL,"1.05;2.01",NULL,NULL
"194","21912371","0","4","0","0",NULL,"1.05;2.01",NULL,NULL
"194","21912373","0","4","0","0",NULL,"2.01",NULL,NULL
"195","21605241","2","2","0","0","2.05","1.04",NULL,NULL
"195","21901324","0","4","0","0",NULL,"1.04",NULL,NULL
"195","21912371","0","4","0","0",NULL,"1.04;2.01;2.05",NULL,NULL
"195","21912373","0","4","0","0",NULL,"1.04;2.05",NULL,NULL
"196","21605241","2","2","0","0","2.01;2.05","1.01",NULL,NULL
"196","21901324","0","4","0","0",NULL,"1.01;2.01;2.05",NULL,NULL
"196","21912371","0","4","0","0",NULL,"2.01;2.05",NULL,NULL
"196","21912373","0","4","0","0",NULL,"2.01;2.05",NULL,NULL
"197","21605241","0","4","0","0",NULL,"2.02;2.08;3.04",NULL,NULL
"197","21901324","0","4","0","0",NULL,"2.08",NULL,NULL
"197","21912371","4","0","0","0","2.08;3.04",NULL,NULL,NULL
"197","21912373","3","1","0","0","1.11;2.08","2.02",NULL,NULL
"198","21605241","0","4","0","0",NULL,"1.07",NULL,NULL
"198","21901324","0","4","0","0",NULL,"1.07",NULL,NULL
"198","21912371","0","4","0","0",NULL,"1.07",NULL,NULL
"198","21912373","0","4","0","0",NULL,"1.07",NULL,NULL
"199","21605241","2","2","0","0","2.01;2.05","1.12",NULL,NULL
"199","21901324","0","4","0","0",NULL,"1.05;1.06;2.01;2.05",NULL,NULL
"199","21912371","0","4","0","0",NULL,"1.06;1.12;2.01;2.05",NULL,NULL
"199","21912373","0","4","0","0",NULL,"1.06;1.12",NULL,NULL
"200","21605241","1","2","0","1","2.02","1.05;2.08",NULL,"1.01"
"200","21901324","0","4","0","0",NULL,"1.05;2.02;2.08",NULL,NULL
"200","21912371","0","4","0","0",NULL,"1.05;2.08",NULL,NULL
"200","21912373","0","4","0","0",NULL,"2.02;2.08",NULL,NULL
