&quot;1&quot;;&quot;21605241&quot;;&quot;3&quot;;&quot;1&quot;;&quot;0&quot;;&quot;0&quot;;&quot;1.07&quot;;&quot;1.05&quot;;NULL;NULL
&quot;1&quot;;&quot;21912371&quot;;&quot;4&quot;;&quot;0&quot;;&quot;0&quot;;&quot;0&quot;;&quot;1.05;1.07&quot;;NULL;NULL;NULL
&quot;2&quot;;&quot;21605241&quot;;&quot;1&quot;;&quot;3&quot;;&quot;0&quot;;&quot;0&quot;;&quot;1.07&quot;;&quot;1.05;2.08&quot;;NULL;NULL
&quot;2&quot;;&quot;21912371&quot;;&quot;0&quot;;&quot;4&quot;;&quot;0&quot;;&quot;0&quot;;NULL;&quot;1.05;2.08;3.04&quot;;NULL;NULL
&quot;3&quot;;&quot;21605241&quot;;&quot;0&quot;;&quot;4&quot;;&quot;0&quot;;&quot;0&quot;;NULL;&quot;1.05;2.02;2.05;5.03&quot;;NULL;NULL
&quot;3&quot;;&quot;21912371&quot;;&quot;0&quot;;&quot;0&quot;;&quot;4&quot;;&quot;0&quot;;NULL;NULL;&quot;1.05;2.02;3.04&quot;;NULL
&quot;4&quot;;&quot;21605241&quot;;&quot;0&quot;;&quot;4&quot;;&quot;0&quot;;&quot;0&quot;;NULL;&quot;1.05;1.06;2.02;2.05&quot;;NULL;NULL
&quot;4&quot;;&quot;21912371&quot;;&quot;0&quot;;&quot;4&quot;;&quot;0&quot;;&quot;0&quot;;NULL;&quot;1.05;3.04;4.03&quot;;NULL;NULL
&quot;5&quot;;&quot;21605241&quot;;&quot;0&quot;;&quot;3&quot;;&quot;0&quot;;&quot;1&quot;;NULL;&quot;1.05;2.02&quot;;NULL;NULL
&quot;5&quot;;&quot;21912371&quot;;&quot;4&quot;;&quot;0&quot;;&quot;0&quot;;&quot;0&quot;;&quot;2.05&quot;;NULL;NULL;NULL
&quot;6&quot;;&quot;21605241&quot;;&quot;0&quot;;&quot;2&quot;;&quot;2&quot;;&quot;0&quot;;NULL;&quot;1.05;1.07&quot;;&quot;1.05;1.07&quot;;NULL
&quot;6&quot;;&quot;21912371&quot;;&quot;0&quot;;&quot;0&quot;;&quot;4&quot;;&quot;0&quot;;NULL;NULL;&quot;1.05;1.07&quot;;NULL
&quot;7&quot;;&quot;21605241&quot;;&quot;0&quot;;&quot;4&quot;;&quot;0&quot;;&quot;0&quot;;NULL;&quot;1.05;2.02;2.08;3.04&quot;;NULL;NULL
&quot;7&quot;;&quot;21912371&quot;;&quot;0&quot;;&quot;4&quot;;&quot;0&quot;;&quot;0&quot;;NULL;&quot;1.05;2.08;3.04&quot;;NULL;NULL
&quot;8&quot;;&quot;21605241&quot;;&quot;0&quot;;&quot;0&quot;;&quot;4&quot;;&quot;0&quot;;NULL;NULL;&quot;1.05;2.02;2.05;3.04&quot;;NULL
&quot;8&quot;;&quot;21912371&quot;;&quot;0&quot;;&quot;0&quot;;&quot;4&quot;;&quot;0&quot;;NULL;NULL;&quot;1.05;2.02;3.04&quot;;NULL
&quot;9&quot;;&quot;21605241&quot;;&quot;2&quot;;&quot;2&quot;;&quot;0&quot;;&quot;0&quot;;&quot;2.01;2.05&quot;;&quot;3.04&quot;;NULL;NULL
&quot;9&quot;;&quot;21912371&quot;;&quot;0&quot;;&quot;1&quot;;&quot;3&quot;;&quot;0&quot;;NULL;&quot;1.07&quot;;&quot;3.04&quot;;NULL
&quot;10&quot;;&quot;21605241&quot;;&quot;3&quot;;&quot;1&quot;;&quot;0&quot;;&quot;0&quot;;&quot;2.01;2.05&quot;;&quot;1.01&quot;;NULL;NULL
&quot;10&quot;;&quot;21912371&quot;;&quot;1&quot;;&quot;3&quot;;&quot;0&quot;;&quot;0&quot;;&quot;2.05&quot;;&quot;1.07&quot;;NULL;NULL
&quot;11&quot;;&quot;21605241&quot;;&quot;0&quot;;&quot;3&quot;;&quot;0&quot;;&quot;1&quot;;NULL;&quot;1.05;1.07;2.08&quot;;NULL;&quot;1.07&quot;
&quot;11&quot;;&quot;21912371&quot;;&quot;0&quot;;&quot;4&quot;;&quot;0&quot;;&quot;0&quot;;NULL;&quot;1.05;1.07;2.08;3.04&quot;;NULL;NULL
&quot;12&quot;;&quot;21605241&quot;;&quot;0&quot;;&quot;1&quot;;&quot;3&quot;;&quot;0&quot;;NULL;&quot;2.02&quot;;&quot;1.05;1.06;3.04&quot;;NULL
&quot;12&quot;;&quot;21912371&quot;;&quot;0&quot;;&quot;0&quot;;&quot;4&quot;;&quot;0&quot;;NULL;NULL;&quot;1.06;1.07;3.04;4.03;5.03&quot;;NULL
&quot;13&quot;;&quot;21605241&quot;;&quot;0&quot;;&quot;0&quot;;&quot;3&quot;;&quot;1&quot;;NULL;NULL;&quot;1.04;2.02;2.08&quot;;&quot;2.05&quot;
&quot;13&quot;;&quot;21912371&quot;;&quot;0&quot;;&quot;3&quot;;&quot;1&quot;;&quot;0&quot;;NULL;&quot;2.08&quot;;&quot;1.07&quot;;NULL
&quot;14&quot;;&quot;21605241&quot;;&quot;0&quot;;&quot;0&quot;;&quot;4&quot;;&quot;0&quot;;NULL;NULL;&quot;1.05;1.06;1.12;2.01;3.04;4.03&quot;;NULL
&quot;14&quot;;&quot;21912371&quot;;&quot;0&quot;;&quot;3&quot;;&quot;1&quot;;&quot;0&quot;;NULL;&quot;1.12;4.03&quot;;&quot;1.05;3.04&quot;;NULL
&quot;15&quot;;&quot;21605241&quot;;&quot;0&quot;;&quot;4&quot;;&quot;0&quot;;&quot;0&quot;;NULL;&quot;1.05;2.02;3.04&quot;;NULL;NULL
&quot;15&quot;;&quot;21912371&quot;;&quot;0&quot;;&quot;4&quot;;&quot;0&quot;;&quot;0&quot;;NULL;&quot;1.05&quot;;NULL;NULL
&quot;16&quot;;&quot;21605241&quot;;&quot;2&quot;;&quot;2&quot;;&quot;0&quot;;&quot;0&quot;;&quot;2.01&quot;;&quot;2.08&quot;;NULL;NULL
&quot;16&quot;;&quot;21912371&quot;;&quot;3&quot;;&quot;1&quot;;&quot;0&quot;;&quot;0&quot;;&quot;2.05&quot;;&quot;2.08;3.04&quot;;NULL;NULL
&quot;17&quot;;&quot;21605241&quot;;&quot;1&quot;;&quot;3&quot;;&quot;0&quot;;&quot;0&quot;;NULL;&quot;1.01;2.02;2.08&quot;;NULL;NULL
&quot;17&quot;;&quot;21912371&quot;;&quot;0&quot;;&quot;4&quot;;&quot;0&quot;;&quot;0&quot;;NULL;&quot;1.01;2.08&quot;;NULL;NULL
&quot;18&quot;;&quot;21605241&quot;;&quot;0&quot;;&quot;2&quot;;&quot;2&quot;;&quot;0&quot;;NULL;&quot;2.02&quot;;&quot;1.01;2.05&quot;;NULL
&quot;18&quot;;&quot;21912371&quot;;&quot;0&quot;;&quot;4&quot;;&quot;0&quot;;&quot;0&quot;;NULL;&quot;1.01&quot;;NULL;NULL
&quot;19&quot;;&quot;21605241&quot;;&quot;4&quot;;&quot;0&quot;;&quot;0&quot;;&quot;0&quot;;&quot;2.01;2.05&quot;;NULL;NULL;NULL
&quot;19&quot;;&quot;21912371&quot;;&quot;4&quot;;&quot;0&quot;;&quot;0&quot;;&quot;0&quot;;&quot;2.01;2.05&quot;;NULL;NULL;NULL
&quot;20&quot;;&quot;21605241&quot;;&quot;3&quot;;&quot;1&quot;;&quot;0&quot;;&quot;0&quot;;&quot;2.01;2.05&quot;;&quot;1.01&quot;;NULL;NULL
&quot;20&quot;;&quot;21912371&quot;;&quot;4&quot;;&quot;0&quot;;&quot;0&quot;;&quot;0&quot;;&quot;2.05&quot;;NULL;NULL;NULL
&quot;21&quot;;&quot;21605241&quot;;&quot;0&quot;;&quot;1&quot;;&quot;3&quot;;&quot;0&quot;;NULL;&quot;1.05&quot;;&quot;1.06;3.04&quot;;NULL
&quot;21&quot;;&quot;21912371&quot;;&quot;0&quot;;&quot;1&quot;;&quot;3&quot;;&quot;0&quot;;NULL;&quot;5.03&quot;;&quot;1.05;2.02&quot;;NULL
&quot;22&quot;;&quot;21605241&quot;;&quot;0&quot;;&quot;4&quot;;&quot;0&quot;;&quot;0&quot;;NULL;&quot;1.05;2.02;2.08&quot;;NULL;NULL
&quot;22&quot;;&quot;21912371&quot;;&quot;0&quot;;&quot;4&quot;;&quot;0&quot;;&quot;0&quot;;NULL;&quot;1.05;2.08&quot;;NULL;NULL
&quot;23&quot;;&quot;21605241&quot;;&quot;1&quot;;&quot;3&quot;;&quot;0&quot;;&quot;0&quot;;&quot;2.01&quot;;&quot;1.05;1.06;2.05&quot;;NULL;NULL
&quot;23&quot;;&quot;21912371&quot;;&quot;0&quot;;&quot;4&quot;;&quot;0&quot;;&quot;0&quot;;NULL;&quot;1.05;1.06&quot;;NULL;NULL
&quot;24&quot;;&quot;21605241&quot;;&quot;3&quot;;&quot;1&quot;;&quot;0&quot;;&quot;0&quot;;&quot;2.01;2.05&quot;;&quot;1.05&quot;;NULL;NULL
&quot;24&quot;;&quot;21912371&quot;;&quot;0&quot;;&quot;4&quot;;&quot;0&quot;;&quot;0&quot;;NULL;&quot;1.05;2.05&quot;;NULL;NULL
&quot;25&quot;;&quot;21605241&quot;;&quot;3&quot;;&quot;1&quot;;&quot;0&quot;;&quot;0&quot;;&quot;1.11;2.02&quot;;&quot;1.05&quot;;NULL;NULL
&quot;25&quot;;&quot;21912371&quot;;&quot;4&quot;;&quot;0&quot;;&quot;0&quot;;&quot;0&quot;;&quot;1.05;1.07&quot;;NULL;NULL;NULL
&quot;26&quot;;&quot;21605241&quot;;&quot;0&quot;;&quot;0&quot;;&quot;4&quot;;&quot;0&quot;;NULL;NULL;&quot;1.01;2.02;2.05;3.04&quot;;NULL
&quot;26&quot;;&quot;21912371&quot;;&quot;0&quot;;&quot;0&quot;;&quot;4&quot;;&quot;0&quot;;NULL;NULL;&quot;2.02;3.04&quot;;NULL
&quot;27&quot;;&quot;21605241&quot;;&quot;0&quot;;&quot;1&quot;;&quot;3&quot;;&quot;0&quot;;NULL;&quot;2.01&quot;;&quot;1.05;2.08&quot;;NULL
&quot;27&quot;;&quot;21912371&quot;;&quot;0&quot;;&quot;0&quot;;&quot;4&quot;;&quot;0&quot;;NULL;NULL;&quot;1.05;2.02;2.08&quot;;NULL
&quot;28&quot;;&quot;21605241&quot;;&quot;3&quot;;&quot;1&quot;;&quot;0&quot;;&quot;0&quot;;&quot;2.01;2.05&quot;;&quot;1.01&quot;;NULL;NULL
&quot;28&quot;;&quot;21912371&quot;;&quot;4&quot;;&quot;0&quot;;&quot;0&quot;;&quot;0&quot;;&quot;2.01;2.05&quot;;NULL;NULL;NULL
&quot;29&quot;;&quot;21605241&quot;;&quot;1&quot;;&quot;3&quot;;&quot;0&quot;;&quot;0&quot;;&quot;1.07&quot;;&quot;1.01;2.08&quot;;NULL;NULL
&quot;29&quot;;&quot;21912371&quot;;&quot;1&quot;;&quot;3&quot;;&quot;0&quot;;&quot;0&quot;;&quot;2.05&quot;;&quot;1.01;2.08&quot;;NULL;NULL
&quot;30&quot;;&quot;21605241&quot;;&quot;0&quot;;&quot;4&quot;;&quot;0&quot;;&quot;0&quot;;NULL;&quot;2.02;2.05;3.04&quot;;NULL;NULL
&quot;30&quot;;&quot;21912371&quot;;&quot;0&quot;;&quot;4&quot;;&quot;0&quot;;&quot;0&quot;;NULL;&quot;2.05;2.08&quot;;NULL;NULL
&quot;31&quot;;&quot;21605241&quot;;&quot;3&quot;;&quot;1&quot;;&quot;0&quot;;&quot;0&quot;;&quot;2.01;2.05&quot;;&quot;3.04&quot;;NULL;NULL
&quot;31&quot;;&quot;21912371&quot;;&quot;1&quot;;&quot;3&quot;;&quot;0&quot;;&quot;0&quot;;&quot;2.05&quot;;&quot;3.04&quot;;NULL;NULL
&quot;32&quot;;&quot;21605241&quot;;&quot;0&quot;;&quot;4&quot;;&quot;0&quot;;&quot;0&quot;;NULL;&quot;1.04;2.01;3.04&quot;;NULL;NULL
&quot;32&quot;;&quot;21912371&quot;;&quot;1&quot;;&quot;3&quot;;&quot;0&quot;;&quot;0&quot;;&quot;2.05&quot;;&quot;3.04&quot;;NULL;NULL
&quot;33&quot;;&quot;21605241&quot;;&quot;1&quot;;&quot;3&quot;;&quot;0&quot;;&quot;0&quot;;&quot;2.05&quot;;&quot;1.01;2.02;4.03&quot;;NULL;NULL
&quot;33&quot;;&quot;21912371&quot;;&quot;0&quot;;&quot;4&quot;;&quot;0&quot;;&quot;0&quot;;NULL;&quot;1.07;3.04;4.03&quot;;NULL;NULL
&quot;34&quot;;&quot;21605241&quot;;&quot;0&quot;;&quot;3&quot;;&quot;1&quot;;&quot;0&quot;;NULL;&quot;1.01;1.04;2.08&quot;;&quot;3.04&quot;;NULL
&quot;34&quot;;&quot;21912371&quot;;&quot;1&quot;;&quot;3&quot;;&quot;0&quot;;&quot;0&quot;;&quot;2.05&quot;;&quot;1.01;1.06;2.08;3.04&quot;;NULL;NULL
&quot;35&quot;;&quot;21605241&quot;;&quot;0&quot;;&quot;2&quot;;&quot;2&quot;;&quot;0&quot;;NULL;&quot;1.07;2.08&quot;;&quot;1.01&quot;;NULL
&quot;35&quot;;&quot;21912371&quot;;&quot;0&quot;;&quot;4&quot;;&quot;0&quot;;&quot;0&quot;;NULL;&quot;1.01;1.07;2.08&quot;;NULL;NULL
&quot;36&quot;;&quot;21605241&quot;;&quot;0&quot;;&quot;1&quot;;&quot;3&quot;;&quot;0&quot;;NULL;&quot;2.01&quot;;&quot;2.05&quot;;NULL
&quot;36&quot;;&quot;21912371&quot;;&quot;0&quot;;&quot;0&quot;;&quot;4&quot;;&quot;0&quot;;NULL;NULL;&quot;1.05;3.04&quot;;NULL
&quot;37&quot;;&quot;21605241&quot;;&quot;4&quot;;&quot;0&quot;;&quot;0&quot;;&quot;0&quot;;&quot;2.01;2.05&quot;;NULL;NULL;NULL
&quot;37&quot;;&quot;21912371&quot;;&quot;1&quot;;&quot;3&quot;;&quot;0&quot;;&quot;0&quot;;&quot;2.05&quot;;&quot;5.03&quot;;NULL;NULL
&quot;38&quot;;&quot;21605241&quot;;&quot;0&quot;;&quot;1&quot;;&quot;3&quot;;&quot;0&quot;;NULL;&quot;1.05&quot;;&quot;2.01;2.05&quot;;NULL
&quot;38&quot;;&quot;21912371&quot;;&quot;0&quot;;&quot;4&quot;;&quot;0&quot;;&quot;0&quot;;NULL;&quot;1.05;5.03&quot;;NULL;NULL
&quot;39&quot;;&quot;21605241&quot;;&quot;0&quot;;&quot;4&quot;;&quot;0&quot;;&quot;0&quot;;NULL;&quot;2.05;2.08&quot;;NULL;NULL
&quot;39&quot;;&quot;21912371&quot;;&quot;4&quot;;&quot;0&quot;;&quot;0&quot;;&quot;0&quot;;&quot;2.05;2.08&quot;;NULL;NULL;NULL
&quot;40&quot;;&quot;21605241&quot;;&quot;0&quot;;&quot;2&quot;;&quot;2&quot;;&quot;0&quot;;NULL;&quot;2.02&quot;;&quot;1.01;2.05&quot;;NULL
&quot;40&quot;;&quot;21912371&quot;;&quot;0&quot;;&quot;4&quot;;&quot;0&quot;;&quot;0&quot;;NULL;&quot;1.01;1.04;1.05&quot;;NULL;NULL
&quot;41&quot;;&quot;21605241&quot;;&quot;0&quot;;&quot;0&quot;;&quot;1&quot;;&quot;3&quot;;NULL;NULL;&quot;1.05;3.04&quot;;&quot;1.07&quot;
&quot;41&quot;;&quot;21912371&quot;;&quot;0&quot;;&quot;0&quot;;&quot;4&quot;;&quot;0&quot;;NULL;NULL;&quot;1.05;3.04&quot;;NULL
&quot;42&quot;;&quot;21605241&quot;;&quot;0&quot;;&quot;1&quot;;&quot;3&quot;;&quot;0&quot;;NULL;&quot;1.05&quot;;&quot;2.02&quot;;NULL
&quot;42&quot;;&quot;21912371&quot;;&quot;0&quot;;&quot;0&quot;;&quot;4&quot;;&quot;0&quot;;NULL;NULL;&quot;1.05;2.02&quot;;NULL
&quot;43&quot;;&quot;21605241&quot;;&quot;0&quot;;&quot;1&quot;;&quot;3&quot;;&quot;0&quot;;NULL;&quot;1.05&quot;;&quot;2.02;2.08;3.04&quot;;NULL
&quot;43&quot;;&quot;21912371&quot;;&quot;0&quot;;&quot;4&quot;;&quot;0&quot;;&quot;0&quot;;NULL;&quot;1.05;2.08&quot;;NULL;NULL
&quot;44&quot;;&quot;21605241&quot;;&quot;2&quot;;&quot;2&quot;;&quot;0&quot;;&quot;0&quot;;&quot;1.07;2.05&quot;;&quot;2.02;4.03&quot;;NULL;NULL
&quot;44&quot;;&quot;21912371&quot;;&quot;1&quot;;&quot;3&quot;;&quot;0&quot;;&quot;0&quot;;&quot;2.05&quot;;&quot;1.05;1.07;4.03&quot;;NULL;NULL
&quot;45&quot;;&quot;21605241&quot;;&quot;0&quot;;&quot;2&quot;;&quot;2&quot;;&quot;0&quot;;NULL;&quot;2.01;2.05&quot;;&quot;1.01&quot;;NULL
&quot;45&quot;;&quot;21912371&quot;;&quot;0&quot;;&quot;4&quot;;&quot;0&quot;;&quot;0&quot;;NULL;&quot;1.05&quot;;NULL;NULL
&quot;46&quot;;&quot;21605241&quot;;&quot;0&quot;;&quot;1&quot;;&quot;3&quot;;&quot;0&quot;;NULL;&quot;2.01&quot;;&quot;1.06;1.12;2.05&quot;;NULL
&quot;46&quot;;&quot;21912371&quot;;&quot;0&quot;;&quot;4&quot;;&quot;0&quot;;&quot;0&quot;;NULL;&quot;1.05;1.06;1.12&quot;;NULL;NULL
&quot;47&quot;;&quot;21605241&quot;;&quot;0&quot;;&quot;1&quot;;&quot;3&quot;;&quot;0&quot;;NULL;&quot;1.05&quot;;&quot;1.12;2.01;2.05&quot;;NULL
&quot;47&quot;;&quot;21912371&quot;;&quot;0&quot;;&quot;4&quot;;&quot;0&quot;;&quot;0&quot;;NULL;&quot;1.05;1.12&quot;;NULL;NULL
&quot;48&quot;;&quot;21605241&quot;;&quot;3&quot;;&quot;1&quot;;&quot;0&quot;;&quot;0&quot;;&quot;1.11;2.01&quot;;&quot;1.05&quot;;NULL;NULL
&quot;48&quot;;&quot;21912371&quot;;&quot;3&quot;;&quot;1&quot;;&quot;0&quot;;&quot;0&quot;;&quot;2.01&quot;;&quot;1.05&quot;;NULL;NULL
&quot;49&quot;;&quot;21605241&quot;;&quot;0&quot;;&quot;4&quot;;&quot;0&quot;;&quot;0&quot;;NULL;&quot;2.02;2.05;2.08&quot;;NULL;NULL
&quot;49&quot;;&quot;21912371&quot;;&quot;1&quot;;&quot;3&quot;;&quot;0&quot;;&quot;0&quot;;&quot;2.05;2.08&quot;;&quot;2.02&quot;;NULL;NULL
&quot;50&quot;;&quot;21605241&quot;;&quot;0&quot;;&quot;0&quot;;&quot;4&quot;;&quot;0&quot;;NULL;NULL;&quot;1.01;2.01;2.05&quot;;NULL
&quot;50&quot;;&quot;21912371&quot;;&quot;0&quot;;&quot;0&quot;;&quot;4&quot;;&quot;0&quot;;NULL;NULL;&quot;1.01;5.03&quot;;NULL
&quot;51&quot;;&quot;21605241&quot;;&quot;1&quot;;&quot;3&quot;;&quot;0&quot;;&quot;0&quot;;&quot;2.01&quot;;&quot;1.05;2.05&quot;;NULL;NULL
&quot;51&quot;;&quot;21912371&quot;;&quot;3&quot;;&quot;1&quot;;&quot;0&quot;;&quot;0&quot;;&quot;2.01;2.05&quot;;&quot;1.05&quot;;NULL;NULL
&quot;52&quot;;&quot;21605241&quot;;&quot;0&quot;;&quot;1&quot;;&quot;3&quot;;&quot;0&quot;;NULL;&quot;1.04&quot;;&quot;1.01;1.11;1.12;4.03&quot;;NULL
&quot;52&quot;;&quot;21912371&quot;;&quot;0&quot;;&quot;0&quot;;&quot;4&quot;;&quot;0&quot;;NULL;NULL;&quot;1.01;1.11;1.12;2.08;4.03&quot;;NULL
&quot;53&quot;;&quot;21605241&quot;;&quot;0&quot;;&quot;4&quot;;&quot;0&quot;;&quot;0&quot;;NULL;&quot;1.04;2.02;2.05&quot;;NULL;NULL
&quot;53&quot;;&quot;21912371&quot;;&quot;1&quot;;&quot;3&quot;;&quot;0&quot;;&quot;0&quot;;&quot;2.05&quot;;&quot;2.02&quot;;NULL;NULL
&quot;54&quot;;&quot;21605241&quot;;&quot;0&quot;;&quot;4&quot;;&quot;0&quot;;&quot;0&quot;;NULL;&quot;2.02;2.05&quot;;NULL;NULL
&quot;54&quot;;&quot;21912371&quot;;&quot;4&quot;;&quot;0&quot;;&quot;0&quot;;&quot;0&quot;;&quot;2.05&quot;;NULL;NULL;NULL
&quot;55&quot;;&quot;21605241&quot;;&quot;0&quot;;&quot;3&quot;;&quot;1&quot;;&quot;0&quot;;NULL;&quot;2.02&quot;;&quot;1.01&quot;;NULL
&quot;55&quot;;&quot;21912371&quot;;&quot;0&quot;;&quot;0&quot;;&quot;4&quot;;&quot;0&quot;;NULL;NULL;&quot;1.01;2.02&quot;;NULL
&quot;56&quot;;&quot;21605241&quot;;&quot;2&quot;;&quot;1&quot;;&quot;1&quot;;&quot;0&quot;;&quot;2.02&quot;;&quot;1.05&quot;;&quot;2.08&quot;;NULL
&quot;56&quot;;&quot;21912371&quot;;&quot;4&quot;;&quot;0&quot;;&quot;0&quot;;&quot;0&quot;;&quot;2.05;2.08&quot;;NULL;NULL;NULL
&quot;57&quot;;&quot;21605241&quot;;&quot;0&quot;;&quot;0&quot;;&quot;1&quot;;&quot;3&quot;;NULL;NULL;&quot;1.04&quot;;&quot;1.07&quot;
&quot;57&quot;;&quot;21912371&quot;;&quot;0&quot;;&quot;4&quot;;&quot;0&quot;;&quot;0&quot;;NULL;&quot;1.07&quot;;NULL;NULL
&quot;58&quot;;&quot;21605241&quot;;&quot;0&quot;;&quot;2&quot;;&quot;2&quot;;&quot;0&quot;;NULL;&quot;1.04;2.01&quot;;&quot;1.06;3.04&quot;;NULL
&quot;58&quot;;&quot;21912371&quot;;&quot;0&quot;;&quot;4&quot;;&quot;0&quot;;&quot;0&quot;;NULL;&quot;1.06;2.08&quot;;NULL;NULL
&quot;59&quot;;&quot;21605241&quot;;&quot;3&quot;;&quot;1&quot;;&quot;0&quot;;&quot;0&quot;;&quot;2.02;2.05&quot;;&quot;2.08&quot;;NULL;NULL
&quot;59&quot;;&quot;21912371&quot;;&quot;1&quot;;&quot;3&quot;;&quot;0&quot;;&quot;0&quot;;&quot;2.05&quot;;&quot;1.05;2.01;2.08;5.03&quot;;NULL;NULL
&quot;60&quot;;&quot;21605241&quot;;&quot;2&quot;;&quot;2&quot;;&quot;0&quot;;&quot;0&quot;;&quot;2.01&quot;;&quot;1.05;2.05&quot;;NULL;NULL
&quot;60&quot;;&quot;21912371&quot;;&quot;1&quot;;&quot;3&quot;;&quot;0&quot;;&quot;0&quot;;&quot;2.01&quot;;&quot;1.05&quot;;NULL;NULL
&quot;61&quot;;&quot;21605241&quot;;&quot;3&quot;;&quot;1&quot;;&quot;0&quot;;&quot;0&quot;;&quot;1.11;2.02;2.05&quot;;&quot;2.08&quot;;NULL;NULL
&quot;61&quot;;&quot;21912371&quot;;&quot;4&quot;;&quot;0&quot;;&quot;0&quot;;&quot;0&quot;;&quot;1.07;2.08&quot;;NULL;NULL;NULL
&quot;62&quot;;&quot;21605241&quot;;&quot;0&quot;;&quot;0&quot;;&quot;4&quot;;&quot;0&quot;;NULL;NULL;&quot;1.01;2.02;2.05;3.04&quot;;NULL
&quot;62&quot;;&quot;21912371&quot;;&quot;0&quot;;&quot;1&quot;;&quot;3&quot;;&quot;0&quot;;NULL;&quot;2.05&quot;;&quot;1.01;5.03&quot;;NULL
&quot;63&quot;;&quot;21605241&quot;;&quot;0&quot;;&quot;2&quot;;&quot;2&quot;;&quot;0&quot;;NULL;&quot;1.07&quot;;&quot;1.01;2.08&quot;;NULL
&quot;63&quot;;&quot;21912371&quot;;&quot;0&quot;;&quot;4&quot;;&quot;0&quot;;&quot;0&quot;;NULL;&quot;1.01;2.08&quot;;NULL;NULL
&quot;64&quot;;&quot;21605241&quot;;&quot;3&quot;;&quot;1&quot;;&quot;0&quot;;&quot;0&quot;;&quot;1.07;2.01;2.05&quot;;&quot;2.08&quot;;NULL;NULL
&quot;64&quot;;&quot;21912371&quot;;&quot;4&quot;;&quot;0&quot;;&quot;0&quot;;&quot;0&quot;;&quot;2.01;2.08&quot;;NULL;NULL;NULL
&quot;65&quot;;&quot;21605241&quot;;&quot;3&quot;;&quot;1&quot;;&quot;0&quot;;&quot;0&quot;;&quot;1.11;2.01;2.05&quot;;&quot;1.05&quot;;NULL;NULL
&quot;65&quot;;&quot;21912371&quot;;&quot;0&quot;;&quot;4&quot;;&quot;0&quot;;&quot;0&quot;;NULL;&quot;1.05;2.02&quot;;NULL;NULL
&quot;66&quot;;&quot;21605241&quot;;&quot;3&quot;;&quot;1&quot;;&quot;0&quot;;&quot;0&quot;;&quot;1.07;2.05&quot;;&quot;1.01&quot;;NULL;NULL
&quot;66&quot;;&quot;21912371&quot;;&quot;0&quot;;&quot;4&quot;;&quot;0&quot;;&quot;0&quot;;NULL;&quot;1.06;2.05&quot;;NULL;NULL
&quot;67&quot;;&quot;21605241&quot;;&quot;0&quot;;&quot;4&quot;;&quot;0&quot;;&quot;0&quot;;NULL;&quot;1.07;2.08&quot;;NULL;NULL
&quot;67&quot;;&quot;21912371&quot;;&quot;0&quot;;&quot;4&quot;;&quot;0&quot;;&quot;0&quot;;NULL;&quot;1.05;1.07;2.08&quot;;NULL;NULL
&quot;68&quot;;&quot;21605241&quot;;&quot;3&quot;;&quot;1&quot;;&quot;0&quot;;&quot;0&quot;;&quot;2.01;2.05&quot;;&quot;2.08;5.03&quot;;NULL;NULL
&quot;68&quot;;&quot;21912371&quot;;&quot;0&quot;;&quot;4&quot;;&quot;0&quot;;&quot;0&quot;;NULL;&quot;2.05&quot;;NULL;NULL
&quot;69&quot;;&quot;21605241&quot;;&quot;2&quot;;&quot;2&quot;;&quot;0&quot;;&quot;0&quot;;&quot;2.05&quot;;&quot;1.01;2.02&quot;;NULL;NULL
&quot;69&quot;;&quot;21912371&quot;;&quot;1&quot;;&quot;3&quot;;&quot;0&quot;;&quot;0&quot;;&quot;2.05&quot;;&quot;1.01;1.12;2.02&quot;;NULL;NULL
&quot;70&quot;;&quot;21605241&quot;;&quot;1&quot;;&quot;1&quot;;&quot;0&quot;;&quot;2&quot;;&quot;2.02&quot;;&quot;3.04&quot;;NULL;&quot;1.07&quot;
&quot;70&quot;;&quot;21912371&quot;;&quot;4&quot;;&quot;0&quot;;&quot;0&quot;;&quot;0&quot;;&quot;2.05&quot;;NULL;NULL;NULL
&quot;71&quot;;&quot;21605241&quot;;&quot;2&quot;;&quot;2&quot;;&quot;0&quot;;&quot;0&quot;;&quot;2.02&quot;;&quot;1.05&quot;;NULL;NULL
&quot;71&quot;;&quot;21912371&quot;;&quot;0&quot;;&quot;4&quot;;&quot;0&quot;;&quot;0&quot;;NULL;&quot;1.05&quot;;NULL;NULL
&quot;72&quot;;&quot;21605241&quot;;&quot;2&quot;;&quot;2&quot;;&quot;0&quot;;&quot;0&quot;;&quot;1.07&quot;;&quot;2.08&quot;;NULL;NULL
&quot;72&quot;;&quot;21912371&quot;;&quot;4&quot;;&quot;0&quot;;&quot;0&quot;;&quot;0&quot;;&quot;1.05;1.07;2.08&quot;;NULL;NULL;NULL
&quot;73&quot;;&quot;21605241&quot;;&quot;0&quot;;&quot;2&quot;;&quot;2&quot;;&quot;0&quot;;NULL;&quot;5.03&quot;;&quot;2.02;2.05&quot;;NULL
&quot;73&quot;;&quot;21912371&quot;;&quot;0&quot;;&quot;4&quot;;&quot;0&quot;;&quot;0&quot;;NULL;&quot;2.05;5.03&quot;;NULL;NULL
&quot;74&quot;;&quot;21605241&quot;;&quot;0&quot;;&quot;0&quot;;&quot;3&quot;;&quot;1&quot;;NULL;NULL;&quot;2.02;2.08;3.04&quot;;&quot;1.01;2.05&quot;
&quot;74&quot;;&quot;21912371&quot;;&quot;0&quot;;&quot;4&quot;;&quot;0&quot;;&quot;0&quot;;NULL;&quot;1.01;2.08;3.04&quot;;NULL;NULL
&quot;75&quot;;&quot;21605241&quot;;&quot;2&quot;;&quot;1&quot;;&quot;1&quot;;&quot;0&quot;;&quot;1.07;1.11&quot;;&quot;2.08&quot;;&quot;1.01&quot;;NULL
&quot;75&quot;;&quot;21912371&quot;;&quot;1&quot;;&quot;3&quot;;&quot;0&quot;;&quot;0&quot;;&quot;2.05&quot;;&quot;1.11;2.08&quot;;NULL;NULL
&quot;76&quot;;&quot;21605241&quot;;&quot;0&quot;;&quot;4&quot;;&quot;0&quot;;&quot;0&quot;;NULL;&quot;2.02;2.05&quot;;NULL;NULL
&quot;76&quot;;&quot;21912371&quot;;&quot;0&quot;;&quot;4&quot;;&quot;0&quot;;&quot;0&quot;;NULL;&quot;1.07;2.05&quot;;NULL;NULL
&quot;77&quot;;&quot;21605241&quot;;&quot;1&quot;;&quot;3&quot;;&quot;0&quot;;&quot;0&quot;;&quot;2.05&quot;;&quot;2.02&quot;;NULL;NULL
&quot;77&quot;;&quot;21912371&quot;;&quot;0&quot;;&quot;4&quot;;&quot;0&quot;;&quot;0&quot;;NULL;&quot;2.02&quot;;NULL;NULL
&quot;78&quot;;&quot;21605241&quot;;&quot;0&quot;;&quot;2&quot;;&quot;2&quot;;&quot;0&quot;;NULL;&quot;2.08;5.03&quot;;&quot;2.02;2.05&quot;;NULL
&quot;78&quot;;&quot;21912371&quot;;&quot;0&quot;;&quot;4&quot;;&quot;0&quot;;&quot;0&quot;;NULL;&quot;1.05;2.08;5.03&quot;;NULL;NULL
&quot;79&quot;;&quot;21605241&quot;;&quot;0&quot;;&quot;0&quot;;&quot;0&quot;;&quot;0&quot;;NULL;&quot;2.02;2.05&quot;;NULL;NULL
&quot;79&quot;;&quot;21912371&quot;;&quot;0&quot;;&quot;2&quot;;&quot;2&quot;;&quot;0&quot;;NULL;&quot;1.04;2.05&quot;;&quot;1.06&quot;;NULL
&quot;80&quot;;&quot;21605241&quot;;&quot;0&quot;;&quot;3&quot;;&quot;1&quot;;&quot;0&quot;;NULL;&quot;1.05;2.01;2.05;4.03&quot;;&quot;3.04&quot;;NULL
&quot;80&quot;;&quot;21912371&quot;;&quot;0&quot;;&quot;2&quot;;&quot;2&quot;;&quot;0&quot;;NULL;&quot;2.01;3.04&quot;;&quot;1.05;4.03&quot;;NULL
&quot;81&quot;;&quot;21605241&quot;;&quot;2&quot;;&quot;2&quot;;&quot;0&quot;;&quot;0&quot;;&quot;2.01;2.05&quot;;&quot;1.05&quot;;NULL;NULL
&quot;81&quot;;&quot;21912371&quot;;&quot;0&quot;;&quot;4&quot;;&quot;0&quot;;&quot;0&quot;;NULL;&quot;1.05&quot;;NULL;NULL
&quot;82&quot;;&quot;21605241&quot;;&quot;0&quot;;&quot;4&quot;;&quot;0&quot;;&quot;0&quot;;NULL;&quot;1.04;2.02&quot;;NULL;NULL
&quot;82&quot;;&quot;21912371&quot;;&quot;4&quot;;&quot;0&quot;;&quot;0&quot;;&quot;0&quot;;&quot;2.05&quot;;NULL;NULL;NULL
&quot;83&quot;;&quot;21605241&quot;;&quot;0&quot;;&quot;1&quot;;&quot;3&quot;;&quot;0&quot;;NULL;&quot;2.01&quot;;&quot;2.05;3.04&quot;;&quot;3.04&quot;
&quot;83&quot;;&quot;21912371&quot;;&quot;0&quot;;&quot;4&quot;;&quot;0&quot;;&quot;0&quot;;NULL;&quot;1.04;1.05;3.04&quot;;NULL;NULL
&quot;84&quot;;&quot;21605241&quot;;&quot;0&quot;;&quot;0&quot;;&quot;2&quot;;&quot;2&quot;;NULL;NULL;&quot;1.05&quot;;&quot;2.02&quot;
&quot;84&quot;;&quot;21912371&quot;;&quot;0&quot;;&quot;0&quot;;&quot;4&quot;;&quot;0&quot;;NULL;NULL;&quot;1.05;1.07&quot;;NULL
&quot;85&quot;;&quot;21605241&quot;;&quot;0&quot;;&quot;4&quot;;&quot;0&quot;;&quot;0&quot;;NULL;&quot;2.02;2.05;2.08&quot;;NULL;NULL
&quot;85&quot;;&quot;21912371&quot;;&quot;0&quot;;&quot;4&quot;;&quot;0&quot;;&quot;0&quot;;NULL;&quot;2.02;2.05;2.08&quot;;NULL;NULL
&quot;86&quot;;&quot;21605241&quot;;&quot;0&quot;;&quot;1&quot;;&quot;3&quot;;&quot;0&quot;;NULL;&quot;1.05&quot;;&quot;2.02;2.05;3.04&quot;;NULL
&quot;86&quot;;&quot;21912371&quot;;&quot;0&quot;;&quot;0&quot;;&quot;4&quot;;&quot;0&quot;;NULL;NULL;&quot;1.05;3.04;5.03&quot;;NULL
&quot;87&quot;;&quot;21605241&quot;;&quot;0&quot;;&quot;1&quot;;&quot;1&quot;;&quot;2&quot;;NULL;&quot;2.01&quot;;&quot;3.04&quot;;&quot;3.04&quot;
&quot;87&quot;;&quot;21912371&quot;;&quot;0&quot;;&quot;4&quot;;&quot;0&quot;;&quot;0&quot;;NULL;&quot;1.07&quot;;NULL;NULL
&quot;88&quot;;&quot;21605241&quot;;&quot;0&quot;;&quot;3&quot;;&quot;1&quot;;&quot;0&quot;;NULL;&quot;2.02;2.05;3.04;4.03&quot;;&quot;5.03&quot;;NULL
&quot;88&quot;;&quot;21912371&quot;;&quot;0&quot;;&quot;0&quot;;&quot;4&quot;;&quot;0&quot;;NULL;NULL;&quot;1.05;4.03&quot;;NULL
&quot;89&quot;;&quot;21605241&quot;;&quot;0&quot;;&quot;4&quot;;&quot;0&quot;;&quot;0&quot;;NULL;&quot;2.02;3.04&quot;;NULL;NULL
&quot;89&quot;;&quot;21912371&quot;;&quot;4&quot;;&quot;0&quot;;&quot;0&quot;;&quot;0&quot;;&quot;1.05;1.07&quot;;NULL;NULL;NULL
&quot;90&quot;;&quot;21605241&quot;;&quot;0&quot;;&quot;4&quot;;&quot;0&quot;;&quot;0&quot;;NULL;&quot;1.01;2.02;2.05;5.03&quot;;NULL;NULL
&quot;90&quot;;&quot;21912371&quot;;&quot;0&quot;;&quot;2&quot;;&quot;2&quot;;&quot;0&quot;;NULL;&quot;2.05;2.08&quot;;&quot;5.03&quot;;NULL
&quot;91&quot;;&quot;21605241&quot;;&quot;3&quot;;&quot;1&quot;;&quot;0&quot;;&quot;0&quot;;&quot;2.02;2.05&quot;;&quot;2.08&quot;;NULL;NULL
&quot;91&quot;;&quot;21912371&quot;;&quot;4&quot;;&quot;0&quot;;&quot;0&quot;;&quot;0&quot;;&quot;2.05;2.08&quot;;NULL;NULL;NULL
&quot;92&quot;;&quot;21605241&quot;;&quot;3&quot;;&quot;1&quot;;&quot;0&quot;;&quot;0&quot;;&quot;2.02;2.05&quot;;&quot;2.08&quot;;NULL;NULL
&quot;92&quot;;&quot;21912371&quot;;&quot;3&quot;;&quot;1&quot;;&quot;0&quot;;&quot;0&quot;;&quot;1.07;2.08&quot;;&quot;1.05&quot;;NULL;NULL
&quot;93&quot;;&quot;21605241&quot;;&quot;0&quot;;&quot;1&quot;;&quot;3&quot;;&quot;2&quot;;NULL;&quot;1.05&quot;;&quot;2.01;2.05;3.04&quot;;NULL
&quot;93&quot;;&quot;21912371&quot;;&quot;0&quot;;&quot;4&quot;;&quot;0&quot;;&quot;0&quot;;NULL;&quot;1.05;2.01&quot;;NULL;NULL
&quot;94&quot;;&quot;21605241&quot;;&quot;0&quot;;&quot;0&quot;;&quot;2&quot;;&quot;2&quot;;NULL;NULL;&quot;1.04;2.05&quot;;&quot;2.02&quot;
&quot;94&quot;;&quot;21912371&quot;;&quot;0&quot;;&quot;4&quot;;&quot;0&quot;;&quot;0&quot;;NULL;&quot;2.02;2.05&quot;;NULL;NULL
&quot;95&quot;;&quot;21605241&quot;;&quot;2&quot;;&quot;2&quot;;&quot;0&quot;;&quot;0&quot;;&quot;1.11;2.05&quot;;&quot;2.02;2.08&quot;;NULL;NULL
&quot;95&quot;;&quot;21912371&quot;;&quot;4&quot;;&quot;0&quot;;&quot;0&quot;;&quot;0&quot;;&quot;2.01;2.05;2.08&quot;;NULL;NULL;NULL
&quot;96&quot;;&quot;21605241&quot;;&quot;0&quot;;&quot;3&quot;;&quot;1&quot;;&quot;0&quot;;NULL;&quot;2.01&quot;;&quot;2.05&quot;;NULL
&quot;96&quot;;&quot;21912371&quot;;&quot;0&quot;;&quot;4&quot;;&quot;0&quot;;&quot;0&quot;;NULL;&quot;2.01;2.05;3.04&quot;;NULL;NULL
&quot;97&quot;;&quot;21605241&quot;;&quot;1&quot;;&quot;3&quot;;&quot;0&quot;;&quot;0&quot;;&quot;2.01&quot;;&quot;2.08;3.04&quot;;NULL;NULL
&quot;97&quot;;&quot;21912371&quot;;&quot;4&quot;;&quot;0&quot;;&quot;0&quot;;&quot;0&quot;;&quot;1.11;2.08&quot;;NULL;NULL;NULL
&quot;98&quot;;&quot;21605241&quot;;&quot;0&quot;;&quot;2&quot;;&quot;2&quot;;&quot;0&quot;;NULL;&quot;1.05&quot;;&quot;2.02&quot;;NULL
&quot;98&quot;;&quot;21912371&quot;;&quot;0&quot;;&quot;4&quot;;&quot;0&quot;;&quot;0&quot;;NULL;&quot;1.05&quot;;NULL;NULL
&quot;99&quot;;&quot;21605241&quot;;&quot;0&quot;;&quot;3&quot;;&quot;0&quot;;&quot;1&quot;;NULL;&quot;2.02;2.08&quot;;NULL;&quot;2.05&quot;
&quot;99&quot;;&quot;21912371&quot;;&quot;0&quot;;&quot;4&quot;;&quot;0&quot;;&quot;0&quot;;NULL;&quot;1.05;1.06;1.07;2.08&quot;;NULL;NULL
&quot;100&quot;;&quot;21605241&quot;;&quot;0&quot;;&quot;4&quot;;&quot;0&quot;;&quot;0&quot;;NULL;&quot;1.05;1.07&quot;;NULL;NULL
&quot;100&quot;;&quot;21912371&quot;;&quot;0&quot;;&quot;4&quot;;&quot;0&quot;;&quot;0&quot;;NULL;&quot;1.05;1.07&quot;;NULL;NULL
&quot;101&quot;;&quot;21605241&quot;;&quot;0&quot;;&quot;1&quot;;&quot;3&quot;;&quot;0&quot;;NULL;&quot;2.01&quot;;&quot;1.01;1.12;2.05&quot;;NULL
&quot;101&quot;;&quot;21912371&quot;;&quot;0&quot;;&quot;4&quot;;&quot;0&quot;;&quot;0&quot;;NULL;&quot;1.04;1.06;2.05;5.03&quot;;NULL;NULL
&quot;102&quot;;&quot;21605241&quot;;&quot;2&quot;;&quot;1&quot;;&quot;0&quot;;&quot;1&quot;;&quot;1.07&quot;;&quot;2.08&quot;;NULL;&quot;2.05&quot;
&quot;102&quot;;&quot;21912371&quot;;&quot;4&quot;;&quot;0&quot;;&quot;0&quot;;&quot;0&quot;;&quot;1.05;1.07&quot;;NULL;NULL;NULL
&quot;103&quot;;&quot;21605241&quot;;&quot;0&quot;;&quot;2&quot;;&quot;2&quot;;&quot;0&quot;;NULL;&quot;2.01&quot;;&quot;3.04&quot;;NULL
&quot;103&quot;;&quot;21912371&quot;;&quot;0&quot;;&quot;0&quot;;&quot;4&quot;;&quot;0&quot;;NULL;NULL;&quot;1.04;1.05&quot;;NULL
&quot;104&quot;;&quot;21605241&quot;;&quot;0&quot;;&quot;0&quot;;&quot;4&quot;;&quot;0&quot;;NULL;NULL;&quot;1.04;2.02&quot;;NULL
&quot;104&quot;;&quot;21912371&quot;;&quot;0&quot;;&quot;0&quot;;&quot;4&quot;;&quot;0&quot;;NULL;NULL;&quot;1.04&quot;;NULL
&quot;105&quot;;&quot;21605241&quot;;&quot;2&quot;;&quot;2&quot;;&quot;0&quot;;&quot;0&quot;;&quot;2.01;2.05&quot;;&quot;2.08;4.03&quot;;NULL;NULL
&quot;105&quot;;&quot;21912371&quot;;&quot;4&quot;;&quot;0&quot;;&quot;0&quot;;&quot;0&quot;;&quot;2.01;2.05;2.08&quot;;NULL;NULL;NULL
&quot;106&quot;;&quot;21605241&quot;;&quot;0&quot;;&quot;0&quot;;&quot;4&quot;;&quot;0&quot;;NULL;NULL;&quot;1.05;1.12;2.01&quot;;NULL
&quot;106&quot;;&quot;21912371&quot;;&quot;0&quot;;&quot;0&quot;;&quot;4&quot;;&quot;0&quot;;NULL;NULL;&quot;1.05;1.12&quot;;NULL
&quot;107&quot;;&quot;21605241&quot;;&quot;0&quot;;&quot;4&quot;;&quot;0&quot;;&quot;0&quot;;NULL;&quot;1.01;3.04&quot;;NULL;NULL
&quot;107&quot;;&quot;21912371&quot;;&quot;0&quot;;&quot;4&quot;;&quot;0&quot;;&quot;0&quot;;NULL;&quot;3.04&quot;;NULL;NULL
&quot;108&quot;;&quot;21605241&quot;;&quot;4&quot;;&quot;0&quot;;&quot;0&quot;;&quot;0&quot;;&quot;1.07&quot;;NULL;NULL;NULL
&quot;108&quot;;&quot;21912371&quot;;&quot;0&quot;;&quot;4&quot;;&quot;0&quot;;&quot;0&quot;;NULL;&quot;1.07;2.05&quot;;NULL;NULL
&quot;109&quot;;&quot;21605241&quot;;&quot;2&quot;;&quot;2&quot;;&quot;0&quot;;&quot;0&quot;;&quot;2.05&quot;;&quot;2.02&quot;;NULL;NULL
&quot;109&quot;;&quot;21912371&quot;;&quot;4&quot;;&quot;0&quot;;&quot;0&quot;;&quot;0&quot;;&quot;3.04&quot;;NULL;NULL;NULL
&quot;110&quot;;&quot;21605241&quot;;&quot;2&quot;;&quot;2&quot;;&quot;0&quot;;&quot;0&quot;;&quot;2.05&quot;;&quot;2.02&quot;;NULL;NULL
&quot;110&quot;;&quot;21912371&quot;;&quot;0&quot;;&quot;4&quot;;&quot;0&quot;;&quot;0&quot;;NULL;&quot;2.01;2.05&quot;;NULL;NULL
&quot;111&quot;;&quot;21605241&quot;;&quot;0&quot;;&quot;1&quot;;&quot;3&quot;;&quot;0&quot;;NULL;&quot;1.06;2.08&quot;;&quot;2.02;2.05&quot;;NULL
&quot;111&quot;;&quot;21912371&quot;;&quot;0&quot;;&quot;4&quot;;&quot;0&quot;;&quot;0&quot;;NULL;&quot;1.05;1.11;2.01&quot;;NULL;NULL
&quot;112&quot;;&quot;21605241&quot;;&quot;0&quot;;&quot;4&quot;;&quot;0&quot;;&quot;0&quot;;NULL;&quot;2.01;2.05&quot;;NULL;NULL
&quot;112&quot;;&quot;21912371&quot;;&quot;0&quot;;&quot;4&quot;;&quot;0&quot;;&quot;0&quot;;NULL;&quot;1.07&quot;;NULL;NULL
&quot;113&quot;;&quot;21605241&quot;;&quot;0&quot;;&quot;2&quot;;&quot;2&quot;;&quot;0&quot;;NULL;&quot;2.01&quot;;&quot;2.05;3.04&quot;;NULL
&quot;113&quot;;&quot;21912371&quot;;&quot;0&quot;;&quot;0&quot;;&quot;4&quot;;&quot;0&quot;;NULL;NULL;&quot;1.06&quot;;NULL
&quot;114&quot;;&quot;21605241&quot;;&quot;0&quot;;&quot;1&quot;;&quot;3&quot;;&quot;0&quot;;NULL;&quot;1.05&quot;;&quot;2.02;2.05&quot;;NULL
&quot;114&quot;;&quot;21912371&quot;;&quot;0&quot;;&quot;0&quot;;&quot;4&quot;;&quot;0&quot;;NULL;NULL;&quot;1.05;2.02&quot;;NULL
&quot;115&quot;;&quot;21605241&quot;;&quot;0&quot;;&quot;4&quot;;&quot;0&quot;;&quot;0&quot;;NULL;&quot;1.05;2.02&quot;;NULL;NULL
&quot;115&quot;;&quot;21912371&quot;;&quot;0&quot;;&quot;0&quot;;&quot;4&quot;;&quot;0&quot;;NULL;NULL;&quot;1.06;1.07;5.03&quot;;NULL
&quot;116&quot;;&quot;21605241&quot;;&quot;0&quot;;&quot;0&quot;;&quot;4&quot;;&quot;0&quot;;NULL;NULL;&quot;2.02&quot;;NULL
&quot;116&quot;;&quot;21912371&quot;;&quot;0&quot;;&quot;0&quot;;&quot;4&quot;;&quot;0&quot;;NULL;NULL;&quot;1.07&quot;;NULL
&quot;117&quot;;&quot;21605241&quot;;&quot;0&quot;;&quot;0&quot;;&quot;4&quot;;&quot;0&quot;;NULL;NULL;&quot;1.05;2.02&quot;;NULL
&quot;117&quot;;&quot;21912371&quot;;&quot;0&quot;;&quot;0&quot;;&quot;4&quot;;&quot;0&quot;;NULL;NULL;&quot;1.05&quot;;NULL
&quot;118&quot;;&quot;21605241&quot;;&quot;0&quot;;&quot;3&quot;;&quot;1&quot;;&quot;0&quot;;NULL;&quot;1.01;2.01;2.05&quot;;&quot;4.03&quot;;NULL
&quot;118&quot;;&quot;21912371&quot;;&quot;0&quot;;&quot;2&quot;;&quot;2&quot;;&quot;0&quot;;NULL;&quot;1.04;2.05&quot;;&quot;2.01;4.03&quot;;NULL
&quot;119&quot;;&quot;21605241&quot;;&quot;2&quot;;&quot;2&quot;;&quot;0&quot;;&quot;0&quot;;&quot;2.02;2.05&quot;;&quot;1.05;2.08&quot;;NULL;NULL
&quot;119&quot;;&quot;21912371&quot;;&quot;0&quot;;&quot;4&quot;;&quot;0&quot;;&quot;0&quot;;NULL;&quot;1.11;2.08;3.04&quot;;NULL;NULL
&quot;120&quot;;&quot;21605241&quot;;&quot;0&quot;;&quot;0&quot;;&quot;4&quot;;&quot;0&quot;;NULL;NULL;&quot;1.04;2.02;3.04&quot;;NULL
&quot;120&quot;;&quot;21912371&quot;;&quot;0&quot;;&quot;0&quot;;&quot;4&quot;;&quot;0&quot;;NULL;NULL;&quot;1.04;5.03&quot;;NULL
&quot;121&quot;;&quot;21605241&quot;;&quot;1&quot;;&quot;3&quot;;&quot;0&quot;;&quot;0&quot;;&quot;2.01&quot;;&quot;2.05;3.04&quot;;NULL;NULL
&quot;121&quot;;&quot;21912371&quot;;&quot;4&quot;;&quot;0&quot;;&quot;0&quot;;&quot;0&quot;;&quot;2.01&quot;;NULL;NULL;NULL
&quot;122&quot;;&quot;21605241&quot;;&quot;1&quot;;&quot;3&quot;;&quot;0&quot;;&quot;0&quot;;&quot;2.01&quot;;&quot;1.06;3.04&quot;;NULL;NULL
&quot;122&quot;;&quot;21912371&quot;;&quot;0&quot;;&quot;4&quot;;&quot;0&quot;;&quot;0&quot;;NULL;&quot;1.04;2.01;2.05;5.03&quot;;NULL;NULL
&quot;123&quot;;&quot;21605241&quot;;&quot;0&quot;;&quot;2&quot;;&quot;2&quot;;&quot;0&quot;;NULL;&quot;2.02&quot;;&quot;2.05&quot;;NULL
&quot;123&quot;;&quot;21912371&quot;;&quot;0&quot;;&quot;0&quot;;&quot;4&quot;;&quot;0&quot;;NULL;NULL;&quot;1.05&quot;;NULL
&quot;124&quot;;&quot;21605241&quot;;&quot;1&quot;;&quot;3&quot;;&quot;0&quot;;&quot;0&quot;;&quot;1.11&quot;;&quot;2.05&quot;;NULL;NULL
&quot;124&quot;;&quot;21912371&quot;;&quot;0&quot;;&quot;4&quot;;&quot;0&quot;;&quot;0&quot;;NULL;&quot;1.07;1.11;2.05&quot;;NULL;NULL
&quot;125&quot;;&quot;21605241&quot;;&quot;0&quot;;&quot;4&quot;;&quot;0&quot;;&quot;0&quot;;NULL;&quot;1.05;1.12;2.01&quot;;NULL;NULL
&quot;125&quot;;&quot;21912371&quot;;&quot;0&quot;;&quot;4&quot;;&quot;0&quot;;&quot;0&quot;;NULL;&quot;1.05;1.12;2.08;5.03&quot;;NULL;NULL
&quot;126&quot;;&quot;21605241&quot;;&quot;3&quot;;&quot;1&quot;;&quot;0&quot;;&quot;0&quot;;&quot;1.11&quot;;&quot;2.01&quot;;NULL;NULL
&quot;126&quot;;&quot;21912371&quot;;&quot;0&quot;;&quot;4&quot;;&quot;0&quot;;&quot;0&quot;;NULL;&quot;1.11;2.05&quot;;NULL;NULL
&quot;127&quot;;&quot;21605241&quot;;&quot;1&quot;;&quot;3&quot;;&quot;0&quot;;&quot;0&quot;;&quot;2.05&quot;;&quot;1.01;2.02;2.08&quot;;NULL;NULL
&quot;127&quot;;&quot;21912371&quot;;&quot;0&quot;;&quot;4&quot;;&quot;0&quot;;&quot;0&quot;;NULL;&quot;1.01;2.05;2.08&quot;;NULL;NULL
&quot;128&quot;;&quot;21605241&quot;;&quot;0&quot;;&quot;2&quot;;&quot;2&quot;;&quot;0&quot;;NULL;&quot;2.02;3.04&quot;;&quot;1.05;2.05&quot;;NULL
&quot;128&quot;;&quot;21912371&quot;;&quot;0&quot;;&quot;4&quot;;&quot;0&quot;;&quot;0&quot;;NULL;&quot;1.07;2.05&quot;;NULL;NULL
&quot;129&quot;;&quot;21605241&quot;;&quot;0&quot;;&quot;3&quot;;&quot;0&quot;;&quot;1&quot;;NULL;&quot;2.02;2.05;2.08&quot;;NULL;&quot;3.04&quot;
&quot;129&quot;;&quot;21912371&quot;;&quot;0&quot;;&quot;4&quot;;&quot;0&quot;;&quot;0&quot;;NULL;&quot;2.02;2.05;2.08&quot;;NULL;NULL
&quot;130&quot;;&quot;21605241&quot;;&quot;0&quot;;&quot;2&quot;;&quot;2&quot;;&quot;0&quot;;NULL;&quot;1.05;2.01&quot;;&quot;2.05;3.04&quot;;NULL
&quot;130&quot;;&quot;21912371&quot;;&quot;0&quot;;&quot;4&quot;;&quot;0&quot;;&quot;0&quot;;NULL;&quot;1.05;1.07;1.11;2.05&quot;;NULL;NULL
&quot;131&quot;;&quot;21605241&quot;;&quot;0&quot;;&quot;2&quot;;&quot;2&quot;;&quot;0&quot;;NULL;&quot;1.04;2.05&quot;;&quot;1.01;4.03&quot;;NULL
&quot;131&quot;;&quot;21912371&quot;;&quot;0&quot;;&quot;0&quot;;&quot;4&quot;;&quot;0&quot;;NULL;NULL;&quot;4.03;5.03&quot;;NULL
&quot;132&quot;;&quot;21605241&quot;;&quot;0&quot;;&quot;4&quot;;&quot;0&quot;;&quot;0&quot;;NULL;&quot;1.05;1.12;2.01;2.05&quot;;NULL;NULL
&quot;132&quot;;&quot;21912371&quot;;&quot;0&quot;;&quot;4&quot;;&quot;0&quot;;&quot;0&quot;;NULL;&quot;1.05;1.12&quot;;NULL;NULL
&quot;133&quot;;&quot;21605241&quot;;&quot;0&quot;;&quot;3&quot;;&quot;1&quot;;&quot;0&quot;;NULL;&quot;1.05;2.02&quot;;&quot;3.04&quot;;NULL
&quot;133&quot;;&quot;21912371&quot;;&quot;0&quot;;&quot;4&quot;;&quot;0&quot;;&quot;0&quot;;NULL;&quot;1.05;1.07&quot;;NULL;NULL
&quot;134&quot;;&quot;21605241&quot;;&quot;0&quot;;&quot;2&quot;;&quot;2&quot;;&quot;0&quot;;NULL;&quot;1.05&quot;;&quot;2.02&quot;;NULL
&quot;134&quot;;&quot;21912371&quot;;&quot;0&quot;;&quot;0&quot;;&quot;4&quot;;&quot;0&quot;;NULL;NULL;&quot;1.05;5.03&quot;;NULL
&quot;135&quot;;&quot;21605241&quot;;&quot;0&quot;;&quot;2&quot;;&quot;2&quot;;&quot;0&quot;;NULL;&quot;2.08&quot;;&quot;1.01;1.04&quot;;NULL
&quot;135&quot;;&quot;21912371&quot;;&quot;0&quot;;&quot;4&quot;;&quot;0&quot;;&quot;0&quot;;NULL;&quot;1.01;1.05;2.08;4.03&quot;;NULL;NULL
&quot;136&quot;;&quot;21605241&quot;;&quot;0&quot;;&quot;2&quot;;&quot;2&quot;;&quot;0&quot;;NULL;&quot;1.07&quot;;&quot;1.01&quot;;NULL
&quot;136&quot;;&quot;21912371&quot;;&quot;0&quot;;&quot;4&quot;;&quot;0&quot;;&quot;0&quot;;NULL;&quot;1.01;1.07&quot;;NULL;NULL
&quot;137&quot;;&quot;21605241&quot;;&quot;0&quot;;&quot;3&quot;;&quot;1&quot;;&quot;0&quot;;NULL;&quot;2.01;2.05;4.03&quot;;&quot;3.04&quot;;NULL
&quot;137&quot;;&quot;21912371&quot;;&quot;0&quot;;&quot;4&quot;;&quot;0&quot;;&quot;0&quot;;NULL;&quot;1.05;2.01;2.05;4.03&quot;;NULL;NULL
&quot;138&quot;;&quot;21605241&quot;;&quot;0&quot;;&quot;2&quot;;&quot;0&quot;;&quot;2&quot;;NULL;&quot;1.01&quot;;NULL;&quot;1.07&quot;
&quot;138&quot;;&quot;21912371&quot;;&quot;0&quot;;&quot;0&quot;;&quot;4&quot;;&quot;0&quot;;NULL;NULL;&quot;1.07&quot;;NULL
&quot;139&quot;;&quot;21605241&quot;;&quot;0&quot;;&quot;2&quot;;&quot;2&quot;;&quot;0&quot;;NULL;&quot;1.05&quot;;&quot;1.07&quot;;NULL
&quot;139&quot;;&quot;21912371&quot;;&quot;0&quot;;&quot;4&quot;;&quot;0&quot;;&quot;0&quot;;NULL;&quot;1.05;1.07;1.11&quot;;NULL;NULL
&quot;140&quot;;&quot;21605241&quot;;&quot;0&quot;;&quot;2&quot;;&quot;2&quot;;&quot;0&quot;;NULL;&quot;1.05&quot;;&quot;1.07&quot;;NULL
&quot;140&quot;;&quot;21912371&quot;;&quot;0&quot;;&quot;4&quot;;&quot;0&quot;;&quot;0&quot;;NULL;&quot;1.05;1.07&quot;;NULL;NULL
&quot;141&quot;;&quot;21605241&quot;;&quot;3&quot;;&quot;1&quot;;&quot;0&quot;;&quot;0&quot;;&quot;2.01;2.05&quot;;&quot;1.05&quot;;NULL;NULL
&quot;141&quot;;&quot;21912371&quot;;&quot;0&quot;;&quot;4&quot;;&quot;0&quot;;&quot;0&quot;;NULL;&quot;1.05;2.01;2.05;2.08&quot;;NULL;NULL
&quot;142&quot;;&quot;21605241&quot;;&quot;0&quot;;&quot;4&quot;;&quot;0&quot;;&quot;0&quot;;NULL;&quot;1.01;1.07&quot;;NULL;NULL
&quot;142&quot;;&quot;21912371&quot;;&quot;0&quot;;&quot;2&quot;;&quot;2&quot;;&quot;0&quot;;NULL;&quot;2.05&quot;;&quot;1.07&quot;;NULL
&quot;143&quot;;&quot;21605241&quot;;&quot;3&quot;;&quot;1&quot;;&quot;0&quot;;&quot;0&quot;;&quot;1.07;2.05&quot;;&quot;2.08&quot;;NULL;NULL
&quot;143&quot;;&quot;21912371&quot;;&quot;4&quot;;&quot;0&quot;;&quot;0&quot;;&quot;0&quot;;&quot;1.07;2.05;2.08&quot;;NULL;NULL;NULL
&quot;144&quot;;&quot;21605241&quot;;&quot;0&quot;;&quot;3&quot;;&quot;1&quot;;&quot;0&quot;;NULL;&quot;2.01;2.05&quot;;&quot;1.01&quot;;NULL
&quot;144&quot;;&quot;21912371&quot;;&quot;0&quot;;&quot;4&quot;;&quot;0&quot;;&quot;0&quot;;NULL;&quot;1.01;1.06&quot;;NULL;NULL
&quot;145&quot;;&quot;21605241&quot;;&quot;0&quot;;&quot;4&quot;;&quot;0&quot;;&quot;0&quot;;NULL;&quot;2.01;3.04&quot;;NULL;NULL
&quot;145&quot;;&quot;21912371&quot;;&quot;0&quot;;&quot;4&quot;;&quot;0&quot;;&quot;0&quot;;NULL;&quot;1.07;3.04&quot;;NULL;NULL
&quot;146&quot;;&quot;21605241&quot;;&quot;2&quot;;&quot;1&quot;;&quot;1&quot;;&quot;0&quot;;&quot;2.01&quot;;&quot;2.08&quot;;&quot;1.01&quot;;NULL
&quot;146&quot;;&quot;21912371&quot;;&quot;3&quot;;&quot;0&quot;;&quot;1&quot;;&quot;0&quot;;&quot;2.05;2.08&quot;;NULL;&quot;1.01&quot;;NULL
&quot;147&quot;;&quot;21605241&quot;;&quot;3&quot;;&quot;1&quot;;&quot;0&quot;;&quot;0&quot;;&quot;2.05&quot;;&quot;2.02&quot;;NULL;NULL
&quot;147&quot;;&quot;21912371&quot;;&quot;0&quot;;&quot;4&quot;;&quot;0&quot;;&quot;0&quot;;NULL;&quot;1.05;2.02&quot;;NULL;NULL
&quot;148&quot;;&quot;21605241&quot;;&quot;0&quot;;&quot;2&quot;;&quot;2&quot;;&quot;0&quot;;NULL;&quot;2.02&quot;;&quot;2.08&quot;;NULL
&quot;148&quot;;&quot;21912371&quot;;&quot;0&quot;;&quot;4&quot;;&quot;0&quot;;&quot;0&quot;;NULL;&quot;1.04;2.08&quot;;NULL;NULL
&quot;149&quot;;&quot;21605241&quot;;&quot;1&quot;;&quot;2&quot;;&quot;1&quot;;&quot;0&quot;;&quot;2.05&quot;;&quot;2.08&quot;;&quot;1.05&quot;;NULL
&quot;149&quot;;&quot;21912371&quot;;&quot;4&quot;;&quot;0&quot;;&quot;0&quot;;&quot;0&quot;;&quot;2.01;2.05;2.08&quot;;NULL;NULL;NULL
&quot;150&quot;;&quot;21605241&quot;;&quot;2&quot;;&quot;2&quot;;&quot;0&quot;;&quot;0&quot;;&quot;2.02&quot;;&quot;2.08&quot;;NULL;NULL
&quot;150&quot;;&quot;21912371&quot;;&quot;0&quot;;&quot;4&quot;;&quot;0&quot;;&quot;0&quot;;NULL;&quot;1.05;2.08&quot;;NULL;NULL
&quot;151&quot;;&quot;21605241&quot;;&quot;0&quot;;&quot;1&quot;;&quot;3&quot;;&quot;0&quot;;NULL;&quot;2.02;2.08&quot;;&quot;1.01;2.05;4.03&quot;;NULL
&quot;151&quot;;&quot;21912371&quot;;&quot;0&quot;;&quot;4&quot;;&quot;0&quot;;&quot;0&quot;;NULL;&quot;2.05;2.08;4.03&quot;;NULL;NULL
&quot;152&quot;;&quot;21605241&quot;;&quot;0&quot;;&quot;4&quot;;&quot;0&quot;;&quot;0&quot;;NULL;&quot;2.02;2.05;3.04&quot;;NULL;NULL
&quot;152&quot;;&quot;21912371&quot;;&quot;0&quot;;&quot;4&quot;;&quot;0&quot;;&quot;0&quot;;NULL;&quot;1.05;2.02;3.04&quot;;NULL;NULL
&quot;153&quot;;&quot;21605241&quot;;&quot;2&quot;;&quot;2&quot;;&quot;0&quot;;&quot;0&quot;;&quot;2.05&quot;;&quot;2.08&quot;;NULL;NULL
&quot;153&quot;;&quot;21912371&quot;;&quot;0&quot;;&quot;4&quot;;&quot;0&quot;;&quot;0&quot;;NULL;&quot;1.06;1.07;2.08&quot;;NULL;NULL
&quot;154&quot;;&quot;21605241&quot;;&quot;1&quot;;&quot;3&quot;;&quot;0&quot;;&quot;0&quot;;&quot;2.05&quot;;&quot;1.05;2.08&quot;;NULL;NULL
&quot;154&quot;;&quot;21912371&quot;;&quot;0&quot;;&quot;4&quot;;&quot;0&quot;;&quot;0&quot;;NULL;&quot;1.05;2.08&quot;;NULL;NULL
&quot;155&quot;;&quot;21605241&quot;;&quot;2&quot;;&quot;2&quot;;&quot;0&quot;;&quot;0&quot;;&quot;2.05&quot;;&quot;2.02;2.08&quot;;NULL;NULL
&quot;155&quot;;&quot;21912371&quot;;&quot;4&quot;;&quot;0&quot;;&quot;0&quot;;&quot;0&quot;;&quot;2.05;2.08&quot;;NULL;NULL;NULL
&quot;156&quot;;&quot;21605241&quot;;&quot;0&quot;;&quot;4&quot;;&quot;0&quot;;&quot;0&quot;;NULL;&quot;1.05;1.07;2.08&quot;;NULL;NULL
&quot;156&quot;;&quot;21912371&quot;;&quot;0&quot;;&quot;0&quot;;&quot;4&quot;;&quot;0&quot;;NULL;NULL;&quot;1.05;1.07;2.08&quot;;NULL
&quot;157&quot;;&quot;21605241&quot;;&quot;0&quot;;&quot;4&quot;;&quot;0&quot;;&quot;0&quot;;NULL;&quot;1.05;1.07;2.08&quot;;NULL;NULL
&quot;157&quot;;&quot;21912371&quot;;&quot;0&quot;;&quot;4&quot;;&quot;0&quot;;&quot;0&quot;;NULL;&quot;1.07;2.08&quot;;NULL;NULL
&quot;158&quot;;&quot;21605241&quot;;&quot;0&quot;;&quot;0&quot;;&quot;4&quot;;&quot;0&quot;;NULL;NULL;&quot;1.05;1.06;2.02;2.05&quot;;NULL
&quot;158&quot;;&quot;21912371&quot;;&quot;0&quot;;&quot;4&quot;;&quot;0&quot;;&quot;0&quot;;NULL;&quot;1.05&quot;;NULL;NULL
&quot;159&quot;;&quot;21605241&quot;;&quot;0&quot;;&quot;1&quot;;&quot;3&quot;;&quot;0&quot;;NULL;&quot;1.05&quot;;&quot;2.01;2.05&quot;;NULL
&quot;159&quot;;&quot;21912371&quot;;&quot;0&quot;;&quot;2&quot;;&quot;2&quot;;&quot;0&quot;;NULL;&quot;2.01&quot;;&quot;1.05;5.03&quot;;NULL
&quot;160&quot;;&quot;21605241&quot;;&quot;0&quot;;&quot;4&quot;;&quot;0&quot;;&quot;0&quot;;NULL;&quot;1.01;1.07;2.08&quot;;NULL;NULL
&quot;160&quot;;&quot;21912371&quot;;&quot;0&quot;;&quot;4&quot;;&quot;0&quot;;&quot;0&quot;;NULL;&quot;1.01;1.07;2.08&quot;;NULL;NULL
&quot;161&quot;;&quot;21605241&quot;;&quot;4&quot;;&quot;0&quot;;&quot;0&quot;;&quot;0&quot;;&quot;2.01;2.05&quot;;NULL;NULL;NULL
&quot;161&quot;;&quot;21912371&quot;;&quot;4&quot;;&quot;0&quot;;&quot;0&quot;;&quot;0&quot;;&quot;2.05&quot;;NULL;NULL;NULL
&quot;162&quot;;&quot;21605241&quot;;&quot;3&quot;;&quot;1&quot;;&quot;0&quot;;&quot;0&quot;;&quot;2.01;2.05&quot;;&quot;3.04&quot;;NULL;NULL
&quot;162&quot;;&quot;21912371&quot;;&quot;0&quot;;&quot;4&quot;;&quot;0&quot;;&quot;0&quot;;NULL;&quot;1.05;2.01;3.04;5.03&quot;;NULL;NULL
&quot;163&quot;;&quot;21605241&quot;;&quot;0&quot;;&quot;4&quot;;&quot;0&quot;;&quot;0&quot;;NULL;&quot;2.02;2.05&quot;;NULL;NULL
&quot;163&quot;;&quot;21912371&quot;;&quot;0&quot;;&quot;4&quot;;&quot;0&quot;;&quot;0&quot;;NULL;&quot;2.02&quot;;NULL;NULL
&quot;164&quot;;&quot;21605241&quot;;&quot;2&quot;;&quot;2&quot;;&quot;0&quot;;&quot;0&quot;;&quot;2.01&quot;;&quot;2.05&quot;;NULL;NULL
&quot;164&quot;;&quot;21912371&quot;;&quot;0&quot;;&quot;2&quot;;&quot;2&quot;;&quot;0&quot;;NULL;&quot;2.05&quot;;&quot;5.03&quot;;NULL
&quot;165&quot;;&quot;21605241&quot;;&quot;0&quot;;&quot;0&quot;;&quot;4&quot;;&quot;0&quot;;NULL;NULL;&quot;2.02;2.05&quot;;NULL
&quot;165&quot;;&quot;21912371&quot;;&quot;0&quot;;&quot;4&quot;;&quot;0&quot;;&quot;0&quot;;NULL;&quot;1.05;2.02&quot;;NULL;NULL
&quot;166&quot;;&quot;21605241&quot;;&quot;2&quot;;&quot;2&quot;;&quot;0&quot;;&quot;0&quot;;&quot;2.01&quot;;&quot;1.05&quot;;NULL;NULL
&quot;166&quot;;&quot;21912371&quot;;&quot;0&quot;;&quot;4&quot;;&quot;0&quot;;&quot;0&quot;;NULL;&quot;1.07&quot;;NULL;NULL
&quot;167&quot;;&quot;21605241&quot;;&quot;0&quot;;&quot;4&quot;;&quot;0&quot;;&quot;0&quot;;NULL;&quot;2.02;2.05&quot;;NULL;NULL
&quot;167&quot;;&quot;21912371&quot;;&quot;0&quot;;&quot;4&quot;;&quot;0&quot;;&quot;0&quot;;NULL;&quot;1.05;1.06;2.02;4.03&quot;;NULL;NULL
&quot;168&quot;;&quot;21605241&quot;;&quot;0&quot;;&quot;0&quot;;&quot;4&quot;;&quot;0&quot;;NULL;NULL;&quot;1.05;1.07;2.08&quot;;NULL
&quot;168&quot;;&quot;21912371&quot;;&quot;0&quot;;&quot;0&quot;;&quot;4&quot;;&quot;0&quot;;NULL;NULL;&quot;1.05;1.07;2.08&quot;;NULL
&quot;169&quot;;&quot;21605241&quot;;&quot;0&quot;;&quot;4&quot;;&quot;0&quot;;&quot;0&quot;;NULL;&quot;1.05;2.02;2.05&quot;;NULL;NULL
&quot;169&quot;;&quot;21912371&quot;;&quot;0&quot;;&quot;4&quot;;&quot;0&quot;;&quot;0&quot;;NULL;&quot;1.05&quot;;NULL;NULL
&quot;170&quot;;&quot;21605241&quot;;&quot;0&quot;;&quot;0&quot;;&quot;4&quot;;&quot;0&quot;;NULL;NULL;&quot;1.01&quot;;NULL
&quot;170&quot;;&quot;21912371&quot;;&quot;0&quot;;&quot;0&quot;;&quot;4&quot;;&quot;0&quot;;NULL;NULL;&quot;1.01&quot;;NULL
&quot;171&quot;;&quot;21605241&quot;;&quot;0&quot;;&quot;0&quot;;&quot;4&quot;;&quot;0&quot;;NULL;NULL;&quot;1.01;1.04&quot;;NULL
&quot;171&quot;;&quot;21912371&quot;;&quot;0&quot;;&quot;0&quot;;&quot;4&quot;;&quot;0&quot;;NULL;NULL;&quot;1.01;1.04;1.05&quot;;NULL
&quot;172&quot;;&quot;21605241&quot;;&quot;0&quot;;&quot;0&quot;;&quot;4&quot;;&quot;0&quot;;NULL;NULL;&quot;1.05;2.01;2.05&quot;;NULL
&quot;172&quot;;&quot;21912371&quot;;&quot;0&quot;;&quot;2&quot;;&quot;2&quot;;&quot;0&quot;;NULL;&quot;2.01&quot;;&quot;1.05&quot;;NULL
&quot;173&quot;;&quot;21605241&quot;;&quot;0&quot;;&quot;2&quot;;&quot;2&quot;;&quot;0&quot;;NULL;&quot;2.01&quot;;&quot;1.01;2.05&quot;;NULL
&quot;173&quot;;&quot;21912371&quot;;&quot;0&quot;;&quot;2&quot;;&quot;2&quot;;&quot;0&quot;;NULL;&quot;2.01&quot;;&quot;1.05;5.03&quot;;NULL
&quot;174&quot;;&quot;21605241&quot;;&quot;1&quot;;&quot;2&quot;;&quot;1&quot;;&quot;0&quot;;&quot;2.01&quot;;&quot;2.05&quot;;&quot;1.01&quot;;NULL
&quot;174&quot;;&quot;21912371&quot;;&quot;0&quot;;&quot;4&quot;;&quot;0&quot;;&quot;0&quot;;NULL;&quot;2.01;2.05&quot;;NULL;NULL
&quot;175&quot;;&quot;21605241&quot;;&quot;0&quot;;&quot;1&quot;;&quot;0&quot;;&quot;0&quot;;NULL;&quot;2.02&quot;;&quot;1.01;2.05&quot;;NULL
&quot;175&quot;;&quot;21912371&quot;;&quot;0&quot;;&quot;0&quot;;&quot;4&quot;;&quot;0&quot;;NULL;NULL;&quot;1.01;2.02;5.03&quot;;NULL
&quot;176&quot;;&quot;21605241&quot;;&quot;0&quot;;&quot;2&quot;;&quot;2&quot;;&quot;0&quot;;NULL;&quot;2.02&quot;;&quot;4.03&quot;;NULL
&quot;176&quot;;&quot;21912371&quot;;&quot;0&quot;;&quot;4&quot;;&quot;0&quot;;&quot;0&quot;;NULL;&quot;2.02;2.05;4.03&quot;;NULL;NULL
&quot;177&quot;;&quot;21605241&quot;;&quot;0&quot;;&quot;4&quot;;&quot;0&quot;;&quot;0&quot;;NULL;&quot;2.01;2.05;3.04&quot;;NULL;NULL
&quot;177&quot;;&quot;21912371&quot;;&quot;0&quot;;&quot;4&quot;;&quot;0&quot;;&quot;0&quot;;NULL;&quot;2.01&quot;;NULL;NULL
&quot;178&quot;;&quot;21605241&quot;;&quot;0&quot;;&quot;4&quot;;&quot;0&quot;;&quot;0&quot;;NULL;&quot;2.02;2.05&quot;;NULL;NULL
&quot;178&quot;;&quot;21912371&quot;;&quot;0&quot;;&quot;4&quot;;&quot;0&quot;;&quot;0&quot;;NULL;&quot;2.02&quot;;NULL;NULL
&quot;179&quot;;&quot;21605241&quot;;&quot;0&quot;;&quot;4&quot;;&quot;0&quot;;&quot;0&quot;;NULL;&quot;1.07&quot;;NULL;NULL
&quot;179&quot;;&quot;21912371&quot;;&quot;0&quot;;&quot;4&quot;;&quot;0&quot;;&quot;0&quot;;NULL;&quot;1.07&quot;;NULL;NULL
&quot;180&quot;;&quot;21605241&quot;;&quot;0&quot;;&quot;1&quot;;&quot;3&quot;;&quot;0&quot;;NULL;&quot;2.02&quot;;&quot;1.01;2.05&quot;;NULL
&quot;180&quot;;&quot;21912371&quot;;&quot;0&quot;;&quot;0&quot;;&quot;4&quot;;&quot;0&quot;;NULL;NULL;&quot;1.01;1.04&quot;;NULL
&quot;181&quot;;&quot;21605241&quot;;&quot;0&quot;;&quot;3&quot;;&quot;1&quot;;&quot;0&quot;;NULL;&quot;1.07;3.04&quot;;&quot;1.05&quot;;NULL
&quot;181&quot;;&quot;21912371&quot;;&quot;0&quot;;&quot;0&quot;;&quot;4&quot;;&quot;0&quot;;NULL;NULL;&quot;1.05;1.07;3.04&quot;;NULL
&quot;182&quot;;&quot;21605241&quot;;&quot;0&quot;;&quot;4&quot;;&quot;0&quot;;&quot;0&quot;;NULL;&quot;1.07;2.08;3.04&quot;;NULL;NULL
&quot;182&quot;;&quot;21912371&quot;;&quot;0&quot;;&quot;4&quot;;&quot;0&quot;;&quot;0&quot;;NULL;&quot;1.05;1.07;3.04&quot;;NULL;NULL
&quot;183&quot;;&quot;21605241&quot;;&quot;0&quot;;&quot;1&quot;;&quot;3&quot;;&quot;0&quot;;NULL;&quot;2.02&quot;;&quot;1.04;4.03&quot;;NULL
&quot;183&quot;;&quot;21912371&quot;;&quot;0&quot;;&quot;0&quot;;&quot;4&quot;;&quot;0&quot;;NULL;NULL;&quot;1.04;4.03&quot;;NULL
&quot;184&quot;;&quot;21605241&quot;;&quot;0&quot;;&quot;2&quot;;&quot;2&quot;;&quot;0&quot;;NULL;&quot;1.06;2.02&quot;;&quot;1.01;2.05&quot;;NULL
&quot;184&quot;;&quot;21912371&quot;;&quot;0&quot;;&quot;0&quot;;&quot;4&quot;;&quot;0&quot;;NULL;NULL;&quot;1.01;1.04;1.06&quot;;NULL
&quot;185&quot;;&quot;21605241&quot;;&quot;0&quot;;&quot;0&quot;;&quot;4&quot;;&quot;0&quot;;NULL;NULL;&quot;1.01;1.05;1.06;3.04&quot;;NULL
&quot;185&quot;;&quot;21912371&quot;;&quot;0&quot;;&quot;4&quot;;&quot;0&quot;;&quot;0&quot;;NULL;&quot;1.05;1.06;1.07&quot;;NULL;NULL
&quot;186&quot;;&quot;21605241&quot;;&quot;0&quot;;&quot;0&quot;;&quot;4&quot;;&quot;0&quot;;NULL;NULL;&quot;1.05;2.02&quot;;NULL
&quot;186&quot;;&quot;21912371&quot;;&quot;0&quot;;&quot;0&quot;;&quot;4&quot;;&quot;0&quot;;NULL;NULL;&quot;1.05;3.04&quot;;NULL
&quot;187&quot;;&quot;21605241&quot;;&quot;2&quot;;&quot;2&quot;;&quot;0&quot;;&quot;0&quot;;&quot;1.11;2.02&quot;;&quot;2.08;4.03&quot;;NULL;NULL
&quot;187&quot;;&quot;21912371&quot;;&quot;4&quot;;&quot;0&quot;;&quot;0&quot;;&quot;0&quot;;&quot;1.05;1.11;4.03&quot;;NULL;NULL;NULL
&quot;188&quot;;&quot;21605241&quot;;&quot;0&quot;;&quot;0&quot;;&quot;4&quot;;&quot;0&quot;;NULL;NULL;&quot;1.05;2.02&quot;;NULL
&quot;188&quot;;&quot;21912371&quot;;&quot;0&quot;;&quot;0&quot;;&quot;4&quot;;&quot;0&quot;;NULL;NULL;&quot;1.05&quot;;NULL
&quot;189&quot;;&quot;21605241&quot;;&quot;0&quot;;&quot;2&quot;;&quot;2&quot;;&quot;0&quot;;NULL;&quot;1.05;2.02&quot;;&quot;1.01&quot;;NULL
&quot;189&quot;;&quot;21912371&quot;;&quot;0&quot;;&quot;0&quot;;&quot;4&quot;;&quot;0&quot;;NULL;NULL;&quot;1.01;1.04&quot;;NULL
&quot;190&quot;;&quot;21605241&quot;;&quot;0&quot;;&quot;4&quot;;&quot;0&quot;;&quot;0&quot;;NULL;&quot;2.02;2.05&quot;;NULL;NULL
&quot;190&quot;;&quot;21912371&quot;;&quot;0&quot;;&quot;4&quot;;&quot;0&quot;;&quot;0&quot;;NULL;&quot;2.02&quot;;NULL;NULL
&quot;191&quot;;&quot;21605241&quot;;&quot;0&quot;;&quot;1&quot;;&quot;3&quot;;&quot;0&quot;;NULL;&quot;1.05&quot;;&quot;2.01;2.08&quot;;NULL
&quot;191&quot;;&quot;21912371&quot;;&quot;0&quot;;&quot;0&quot;;&quot;4&quot;;&quot;0&quot;;NULL;NULL;&quot;1.05;2.08;5.03&quot;;NULL
&quot;192&quot;;&quot;21605241&quot;;&quot;2&quot;;&quot;2&quot;;&quot;0&quot;;&quot;0&quot;;&quot;1.11&quot;;&quot;1.12&quot;;NULL;NULL
&quot;192&quot;;&quot;21912371&quot;;&quot;4&quot;;&quot;0&quot;;&quot;0&quot;;&quot;0&quot;;&quot;1.05;1.07;1.11;1.12;5.03&quot;;NULL;NULL;NULL
&quot;193&quot;;&quot;21605241&quot;;&quot;0&quot;;&quot;2&quot;;&quot;0&quot;;&quot;2&quot;;NULL;&quot;1.05;1.07&quot;;NULL;&quot;1.07&quot;
&quot;193&quot;;&quot;21912371&quot;;&quot;4&quot;;&quot;0&quot;;&quot;0&quot;;&quot;0&quot;;&quot;1.05;1.07&quot;;NULL;NULL;NULL
&quot;194&quot;;&quot;21605241&quot;;&quot;0&quot;;&quot;1&quot;;&quot;3&quot;;&quot;0&quot;;NULL;&quot;2.01&quot;;&quot;1.05;2.05&quot;;NULL
&quot;194&quot;;&quot;21912371&quot;;&quot;0&quot;;&quot;4&quot;;&quot;0&quot;;&quot;0&quot;;NULL;&quot;1.05;2.01&quot;;NULL;NULL
&quot;195&quot;;&quot;21605241&quot;;&quot;2&quot;;&quot;2&quot;;&quot;0&quot;;&quot;0&quot;;&quot;2.05&quot;;&quot;1.04&quot;;NULL;NULL
&quot;195&quot;;&quot;21912371&quot;;&quot;0&quot;;&quot;4&quot;;&quot;0&quot;;&quot;0&quot;;NULL;&quot;1.04;2.01;2.05&quot;;NULL;NULL
&quot;196&quot;;&quot;21605241&quot;;&quot;2&quot;;&quot;2&quot;;&quot;0&quot;;&quot;0&quot;;&quot;2.01;2.05&quot;;&quot;1.01&quot;;NULL;NULL
&quot;196&quot;;&quot;21912371&quot;;&quot;0&quot;;&quot;4&quot;;&quot;0&quot;;&quot;0&quot;;NULL;&quot;2.01;2.05&quot;;NULL;NULL
&quot;197&quot;;&quot;21605241&quot;;&quot;0&quot;;&quot;4&quot;;&quot;0&quot;;&quot;0&quot;;NULL;&quot;2.02;2.08;3.04&quot;;NULL;NULL
&quot;197&quot;;&quot;21912371&quot;;&quot;4&quot;;&quot;0&quot;;&quot;0&quot;;&quot;0&quot;;&quot;2.08;3.04&quot;;NULL;NULL;NULL
&quot;198&quot;;&quot;21605241&quot;;&quot;0&quot;;&quot;4&quot;;&quot;0&quot;;&quot;0&quot;;NULL;&quot;1.07&quot;;NULL;NULL
&quot;198&quot;;&quot;21912371&quot;;&quot;0&quot;;&quot;4&quot;;&quot;0&quot;;&quot;0&quot;;NULL;&quot;1.07&quot;;NULL;NULL
&quot;199&quot;;&quot;21605241&quot;;&quot;2&quot;;&quot;2&quot;;&quot;0&quot;;&quot;0&quot;;&quot;2.01;2.05&quot;;&quot;1.12&quot;;NULL;NULL
&quot;199&quot;;&quot;21912371&quot;;&quot;0&quot;;&quot;4&quot;;&quot;0&quot;;&quot;0&quot;;NULL;&quot;1.06;1.12;2.01;2.05&quot;;NULL;NULL
&quot;200&quot;;&quot;21605241&quot;;&quot;1&quot;;&quot;2&quot;;&quot;0&quot;;&quot;1&quot;;&quot;2.02&quot;;&quot;1.05;2.08&quot;;NULL;&quot;1.01&quot;
&quot;200&quot;;&quot;21912371&quot;;&quot;0&quot;;&quot;4&quot;;&quot;0&quot;;&quot;0&quot;;NULL;&quot;1.05;2.08&quot;;NULL;NULL
